India;Germany;Italy
7.104473489309766e-10;5.994588996231729e-08;3.37607842495138e-08
7.104473489309766e-10;9.591342393970767e-08;3.37607842495138e-08
1.4208946978619533e-09;1.1989177992463458e-07;3.37607842495138e-08
2.13134204679293e-09;1.4387013590956152e-07;3.37607842495138e-08
2.13134204679293e-09;1.4387013590956152e-07;3.37607842495138e-08
2.13134204679293e-09;1.4387013590956152e-07;3.37607842495138e-08
2.13134204679293e-09;1.4387013590956152e-07;3.37607842495138e-08
2.13134204679293e-09;1.5585931390202496e-07;5.0641176374270706e-08
2.13134204679293e-09;1.5585931390202496e-07;5.0641176374270706e-08
2.13134204679293e-09;1.6784849189448843e-07;5.0641176374270706e-08
2.13134204679293e-09;1.6784849189448843e-07;5.0641176374270706e-08
2.13134204679293e-09;1.9182684787941535e-07;5.0641176374270706e-08
2.13134204679293e-09;1.9182684787941535e-07;5.0641176374270706e-08
2.13134204679293e-09;1.9182684787941535e-07;5.0641176374270706e-08
2.13134204679293e-09;1.9182684787941535e-07;5.0641176374270706e-08
2.13134204679293e-09;1.9182684787941535e-07;5.0641176374270706e-08
2.13134204679293e-09;1.9182684787941535e-07;5.0641176374270706e-08
2.13134204679293e-09;1.9182684787941535e-07;5.0641176374270706e-08
2.13134204679293e-09;1.9182684787941535e-07;5.0641176374270706e-08
2.13134204679293e-09;1.9182684787941535e-07;5.0641176374270706e-08
2.13134204679293e-09;1.9182684787941535e-07;5.0641176374270706e-08
2.13134204679293e-09;1.9182684787941535e-07;3.37607842495138e-07
2.13134204679293e-09;1.9182684787941535e-07;1.046584311734928e-06
2.13134204679293e-09;1.9182684787941535e-07;2.61646077933732e-06
2.13134204679293e-09;1.9182684787941535e-07;3.86560979656933e-06
2.13134204679293e-09;1.9182684787941535e-07;5.435486264171722e-06
2.13134204679293e-09;2.5177273784173265e-07;7.646817632514876e-06
2.13134204679293e-09;3.1171862780404993e-07;1.105665684171577e-05
2.13134204679293e-09;6.354264336005634e-07;1.4989788206784128e-05
2.13134204679293e-09;7.912857475025883e-07;1.9041082316725786e-05
2.13134204679293e-09;1.4027338251182247e-06;2.8595384259338192e-05
3.552236744654883e-09;1.7983766988695189e-06;3.436847836600505e-05
3.552236744654883e-09;2.2539654625831303e-06;4.2234741096141766e-05
1.9892525770067344e-08;2.87740271819123e-06;5.214353127337407e-05
2.1313420467929298e-08;4.184223119369747e-06;6.512455281731213e-05
2.2023867816860274e-08;6.402221047975487e-06;7.825749789037299e-05
2.4155209863653203e-08;8.200597746845005e-06;9.930734686994485e-05
2.7707446608308088e-08;1.015483375961655e-05;0.00012449289192008214
3.0549236004031996e-08;1.3331965927619367e-05;0.0001548269565682703
3.978505154013469e-08;1.5537974678232642e-05;0.00017131909967415778
4.404773563372055e-08;1.878704191419024e-05;0.0002103634466587205
5.186265647196129e-08;2.8402362664145934e-05;0.00025511336618145106
5.825668261234008e-08;3.6710863012923114e-05;0.0002981077249232069
7.246562959095961e-08;4.5498930481398824e-05;0.0003571384561834818
8.028055042920035e-08;5.800364312753821e-05;0.00041773906391135904
8.454323452278621e-08;7.207893809069032e-05;0.0004723133716506981
1.0088352354819867e-07;8.579455771406852e-05;0.000531833634282591
1.1082978643323235e-07;9.828728118221544e-05;0.0006028494439514432
1.3782678569260947e-07;0.00013186896873910558;0.0006926868908393994
1.733491531391583e-07;0.00016733295724081248;0.0007937329180981943
2.3444762514722227e-07;0.00019976368371042616;0.0009044176492602253
2.813371501766667e-07;0.00022311860243974497;0.0009982726294738736
3.545132271165573e-07;0.00027181864344513155;0.0010791128273593344
3.807997790270035e-07;0.00032893508740122746;0.0011677180056221834
4.667639082476516e-07;0.000378306522374192;0.0012556648485921669
5.1649522267282e-07;0.000437700910148856;0.001360373920942034
6.301667985017762e-07;0.0005069983589452948;0.0014601201580072224
7.012115333948739e-07;0.0005824582452298597;0.0015609636205605201
7.274980853053201e-07;0.0006299953359699774;0.001649028626275377
8.887696335126517e-07;0.0006869559206121713;0.0017173942143806423
9.924949464565744e-07;0.0007422859770473901;0.0017858104436622821
1.4194738031640913e-06;0.0008076629646402933;0.0018665324788028697
1.8066676083314734e-06;0.0008814683443618984;0.0019453301492412347
1.823718344705817e-06;0.0009554895292873679;0.0020227267471332453
2.18959872940527e-06;0.0010284077098375306;0.0021038370312927023
2.549085087964344e-06;0.0010995754704007936;0.002176692803703153
3.394517433192206e-06;0.0011436596778790819;0.002237445334960153
3.773185870172417e-06;0.0011896261863021866;0.002288744846627289
4.203006516275657e-06;0.001237618865806018;0.002353498030817857
4.777758421560817e-06;0.0012972530371405313;0.0024244631993103347
5.39797895717756e-06;0.0013610714315944142;0.002491157628595249
6.000438309071028e-06;0.0014106227042372656;0.002570394189228858
6.5396678469096396e-06;0.001444444175354005;0.0026394687538033633
7.426306138375499e-06;0.0014748607199208848;0.0026926926301727217
8.160908697170129e-06;0.0014998221885011939;0.0027428611555674995
8.754132233527494e-06;0.0015296272849904579;0.002787881161364226
9.541307896143015e-06;0.0015639882691168582;0.002851790325948556
1.0196340351857377e-05;0.0016045116907313847;0.0029107535356403314
1.1169653219892813e-05;0.0016477806341061853;0.0029696829845478577
1.2514530051419153e-05;0.0016772500336116605;0.003021117539351992
1.3170983401831375e-05;0.0016985308245482831;0.0030591997039854436
1.426578276653401e-05;0.0017199315072648305;0.0031052662940939052
1.518225984665497e-05;0.0017467512984339713;0.003162153215554336
1.6394993471280145e-05;0.0017749498450722453;0.0032068187331164427
1.7427273469276857e-05;0.0018029685540406322;0.0032578143977253335
1.867268767195286e-05;0.0018276063148151447;0.0032976014819633853
1.9814376561684937e-05;0.0018484315169880537;0.0033368315132613203
2.0923384873366192e-05;0.0018606365001843815;0.0033661865151662727
2.225405275791391e-05;0.0018743521198077598;0.0034014834150991394
2.3488810250355948e-05;0.001889986007909932;0.0034366959130713824
2.4768325925780638e-05;0.0019077060129827931;0.0034682960071289273
2.6469136879121393e-05;0.0019273562757124408;0.0035014659776540745
2.820404930521084e-05;0.0019386860489153186;0.003533538722691113
3.019756456631116e-05;0.0019481934670633422;0.0035569855873524
3.299104354230776e-05;0.001956334118920225;0.003577596546136728
3.5096099037190244e-05;0.0019645467058450623;0.0035957429676708418
3.764447367780566e-05;0.001975900457403925;0.0036201182538989907
4.003441855960946e-05;0.0019912945619462484;0.003643767683265775
4.241015449443465e-05;0.002005789478139137;0.0036661679636153274
4.4621777091656775e-05;0.0020207879398077082;0.0036844494282864395
4.771435440155332e-05;0.0020287847215286815;0.0036979875027704943
5.027693798914735e-05;0.002033064858071991;0.0037105465145113137
5.278055444678011e-05;0.0020442507611389596;0.0037342128242702226
5.5453967820807375e-05;0.0020538181251769454;0.0037492026124770067
5.8254551270293284e-05;0.0020650040282439138;0.003765947961464766
6.0945015380694894e-05;0.0020759501477510328;0.003779266590851199
6.440063128589516e-05;0.00208338343810636;0.003794036933960361
6.798839039799659e-05;0.0020903731288759663;0.003805431198644572
7.127776162354701e-05;0.0020944734277493888;0.003813044255492837
7.564488147742573e-05;0.0021006238760595225;0.0038267680142902646
7.958999560603945e-05;0.002110179250919516;0.003837993475053228
8.399334827471364e-05;0.0021191111885239013;0.003848830686797322
8.865956646249229e-05;0.0021246262104004346;0.0038598367024626637
9.336912193855574e-05;0.002132275305959626;0.003871129684794126
9.842253393150177e-05;0.002137442641674378;0.0038800931730123716
0.00010297934322754505;0.0021409075141142;0.0038851572906497987
0.00010713048708734875;0.002146086839006944;0.0038918588063233273
0.00011231177960310236;0.0021504269214402158;0.0039017169553241856
0.0001174980452502985;0.0021546591012715556;0.003911727027854166
0.00012325622101338405;0.002163543082163971;0.0039204373101905405
0.00012917851011407268;0.002172391095522409;0.00392745955331444
0.0001354176587323845;0.0021758200004282535;0.003933080723891984
0.00014093144060743783;0.002179812396699744;0.003936456802316935
0.00014719829667235798;0.0021823660916121387;0.003941824767012608
0.00015404203598461008;0.002186466390485561;0.003947243372884655
0.0001610676498181885;0.0021911901266145916;0.0039502312022907365
0.0001677962966599138;0.0021972686398567705;0.0039589752454113605
0.0001752119460880553;0.002202148235299703;0.003963532951285045
0.00018293024608684143;0.002205756977875435;0.003966858388533622
0.00018892784260651673;0.002208322661965822;0.003971584898328554
0.00019618719361789346;0.002212518874263184;0.003976362049299861
0.00020361776244036254;0.0022163314328647876;0.0039797718885090615
0.00021138295196417812;0.002222985426650605;0.003986169557124344
0.00021952325768822924;0.0022260786345726603;0.00398892106104068
0.00022799818411362686;0.0022302508685140376;0.003994761676715845
0.00023616974952103096;0.0022332121954781762;0.004000467249254013
0.0002437480913920777;0.0022355141176527288;0.004005548247283565
0.0002515445405992462;0.0022400460269338804;0.004009093129629764
0.00026069581290082616;0.00224418229334128;0.004014629898246684
0.0002703479505834024;0.002251136016576909;0.0040202173080399785
0.00028066080430048446;0.002260367683631106;0.004017719010005515
0.0002916038248160683;0.002267573179604576;0.004022175433526451
0.0003021404694480636;0.0022758097448853988;0.004025956641362396
0.0003127495797096499;0.0022822479334673514;0.004029687208021967
0.0003240940029773797;0.0022882784899975607;0.004031594692332065
0.00033611619301598966;0.0022953161374791365;0.00404133467858805
0.00034840409036309984;0.0023028693196143887;0.004046331274656978
0.00036158430958046735;0.0023085881575167938;0.004050635774648791
0.00037572647450828737;0.0023168247227976163;0.004053589843270623
0.0003895510694711352;0.002319893952363687;0.004056527031500331
0.00040270997526803474;0.002323035116997712;0.00405865396090805
0.0004159534242994571;0.002329005727637959;0.004061050976589766
0.0004295655955049746;0.002334592684582447;0.004064123207956472
0.0004444160764396788;0.0023406232411126563;0.004067516166773547
0.0004605936730221861;0.0023459704144972947;0.0040712804942173685
0.00047824828964312087;0.0023510298476101146;0.004075247386366687
0.0004954752169599992;0.002353895261150313;0.00407848842165464
0.0005112833809210623;0.0023565208911306627;0.004081999543216589
0.0005274481894512889;0.0023611966705477236;0.00408431215693768
0.0005451234090453426;0.0023659563742107316;0.004087570072617759
0.000563954526476107;0.0023712555908834004;0.004091182476532457
0.0005832175958950216;0.0023759913161904233;0.00409584146475889
0.0006035406527585411;0.0023805232254715744;0.004099014978478344
0.0006239532259880259;0.0023834965416137054;0.004102964990235537
0.0006441995545378609;0.002385402820914507;0.004105817776504621
0.0006651073095695506;0.002390342362247402;0.004107742141206843
0.0006883218871432192;0.002394550563722757;0.004110476764731054
0.0007131697831720801;0.0024009527847707324;0.004114359254919748
0.0007382144731165949;0.0024079424755403386;0.004118258625500567
0.0007657066541781769;0.0024142847506983516;0.004122461843139631
0.0007944264882587117;0.002416706564652829;0.004126141768622828
0.0008208068192192166;0.0024196918699729525;0.004129349043126532
0.0008476191021678717;0.0024259502208850187;0.004131509733318501
0.0008801007549609959;0.002431393307693597;0.004136236243113433
0.0009151329137367823;0.002438215149971309;0.004141401643103609
0.0009498851562570901;0.0024479863300351664;0.004145655501919047
0.0009844207123359738;0.0024573498780472804;0.00415028072936123
0.0010199295812828928;0.002461006577334982;0.004154568348960919
0.0010515139390743172;0.002465082897852419;0.004157404254837878
0.00108817018048976;0.0024726720475216485;0.004160814094047079
0.0011239014194568944;0.002480872645268494;0.004165675646979009
0.0011614009618755182;0.0024916868838176956;0.004172123956770666
0.0012049101784187492;0.002502117468671139;0.004178521625385949
0.001243796514062486;0.0025135671336539416;0.004183501341062753
0.0012814303310300578;0.002516444536372133;0.004187518874388445
0.0013184091155419152;0.0025225470279702966;0.0041902028567362805
0.0013557139953869319;0.0025330855154256722;0.004193410131239985
0.001395699393079465;0.0025419694963180876;0.0041998922018158915
0.0014401293493869105;0.002554498187320212;0.004206661239057919
0.001483848147898076;0.0025682497744775675;0.0042159792155107845
0.001529600246721882;0.002581701632185111;0.004221836711578076
0.001573693450985934;0.0025883556259709284;0.004229652333131838
0.0016117741393359834;0.0025935829075756428;0.00423402435469215
0.0016550851410688625;0.0026051644535163626;0.00424097907624755
0.001702684402999889;0.0026198631857351226;0.004249014142898934
0.0017485459107154304;0.0026371875479342323;0.004257825707588057
0.0017945345885064302;0.002654559866845312;0.0042675150526676675
0.0018400245322584808;0.0026715245537046474;0.0042781328193141396
0.0018810251592126363;0.002679017789949937;0.0042861847663576485
0.0019201125514561206;0.0026857437188037092;0.004291586491837571
0.0019659875576712917;0.0027024086762132333;0.004298355529079598
0.0020154858453660107;0.0027205123349818535;0.004309192740823692
0.002064435667707355;0.0027409778618149886;0.004323372270208488
0.002114078886661256;0.0027580864188102338;0.004339358001550633
0.0021632695506538877;0.0027824724068469045;0.004357436901516247
0.002206896701457041;0.002791847944037011;0.004377845295595079
0.0022502162285581075;0.0028003722495896525;0.004393932309289972
0.0022908708676533337;0.0028156944190640206;0.004408719532791259
0.0023517469696411825;0.002834589363580143;0.004431778148433677
0.002406640394503683;0.0028526570548147857;0.004455562620937459
0.0024609697241711327;0.0028714920534409455;0.004480207993439605
0.0025169252678202856;0.002889224047691799;0.004504583279667754
0.0025727039100795542;0.002898635552415883;0.004527625014918046
0.002622379099164157;0.0029059489509912855;0.004544437885474304
0.0026780476220843417;0.002920551769786106;0.004560896267795943
0.0027376420770547187;0.0029356101773446402;0.00458327966775337
0.002796851469561975;0.0029513279896927597;0.004606861575551655
0.0028582568548247774;0.002968748265315809;0.0046360984147117345
0.0029226461189530897;0.002985269352589424;0.004664693798971073
0.0029871561591307202;0.002997114660445978;0.004686570787164757
0.0030410144622058286;0.003006873851331843;0.004705983238108228
0.0031047458520890307;0.0030248456291425458;0.00472909249492702
0.003172760529038938;0.0030389449024616827;0.004753231455665422
0.0032413549310255727;0.0030616284272234236;0.004780189441888659
0.003310673278860768;0.0030794203673642395;0.004807468155562267
0.0033777196160740823;0.003098962727491955;0.004832805624141527
0.003443131213937506;0.00311032846822881;0.004857383475075173
0.003502673095804062;0.0031214424362278237;0.004874398910336928
0.0035667007422317686;0.00313831120966322;0.004895144912258254
0.003636249275008018;0.003161102637026893;0.004919655241623401
0.0037047534501813383;0.003187406893542358;0.004946376902356891
0.0037710644743885087;0.003210378158575918;0.004978567810138802
0.0038368554511362617;0.0032379173004246065;0.005006201012047029
0.0038986366630466484;0.00325404274482447;0.005032990194349019
0.003951979181346433;0.003265096766933521;0.0050557787237174405
0.004011192836537783;0.003286929060057797;0.005079259349162977
0.004072652215799104;0.003308137915926465;0.005106943192247579
0.004133787631069312;0.003333830724364314;0.005137091572582395
0.004194432837668759;0.0033596434245820876;0.00516936688232493
0.004257378472784043;0.003389700293809194;0.005200916335206101
0.004315755931445701;0.0034066050347785672;0.005230727107698421
0.00436590569935939;0.0034208961349455834;0.005255946413532808
0.004423076818422564;0.00344594152777184;0.005283748419362282
0.0044847585677041;0.0034674980698022892;0.005314977144793082
0.004542648659484391;0.003497506982317425;0.005357988383926963
0.00459911217298803;0.00352955405509128;0.005400172483846731
0.004652984685010117;0.0035602823182859637;0.005448163438657415
0.004705871806559236;0.003587605654930788;0.005491681089555038
0.004749398784286191;0.0036041746989163726;0.005529780134580615
0.004800585805329318;0.0036358141396384837;0.0055749689442985886
0.0048563729729567745;0.00366971953500117;0.00563703814614132
0.0049064566692670125;0.003718371619294587;0.005712290934233486
0.0049585125674178835;0.003772514747108552;0.00580297240072768
0.005011357772573416;0.003829115656410972;0.0058995957652497885
0.005058767345062278;0.003870873963358722;0.005991695184682462
0.005098084922246816;0.0039004512654661296;0.006069665715906714
0.005143204722930074;0.003949870657151064;0.00616922626865853
0.005191307692031492;0.004011399118608387;0.006292993303717248
0.005236329450980597;0.004090983282122359;0.006441591395591483
0.005280527801452291;0.0041789119135190855;0.006610547240368175
0.005324483889378;0.004272787177200075;0.006794965524331144
0.005364071436555131;0.004339770714643968;0.006992550514151424
0.005397313268011612;0.004391623909461372;0.007150162735420278
0.005435708684537238;0.004473965583913612;0.007333669478208511
0.005475379354054195;0.004565023390766371;0.007590234558112691
0.005514003534626176;0.004700345242767307;0.007861637502694533
0.005551920109638622;0.00483512758175858;0.008184778849138754
0.005587534124793183;0.005011536346739688;0.00851630975046898
0.005619609401702719;0.00514552739998346;0.008875406332138933
0.005645519416518231;0.005249653410848005;0.009162491161004673
0.005676703082004859;0.005386437942564021;0.009533674103435953
0.005712140906216885;0.0055658440020432435;0.009955481341849379
0.0057467027488476785;0.005766950473688826;0.010408365382164482
0.0057809946214858795;0.005990920307766036;0.0109329910890098
0.0058143593603337245;0.006219422051124397;0.011469044821323581
0.005846493604373222;0.006389392627523551;0.011973852947814436
0.005873710842310768;0.006534425713698382;0.012349492313766652
0.005906571163540872;0.006718483574238681;0.012826211467761911
0.0059422427249306966;0.006924865284200946;0.013341873686388986
0.00597608701573907;0.007164528952270291;0.013924280975477347
0.006011862302441839;0.00742236821417621;0.014562393558577408
0.006044311274656912;0.007702902990021862;0.015234385088671856
0.00607692293931489;0.00789493365392715;0.015784922197428677
0.0061039718012307394;0.008055145039440438;0.01621147282602916
0.006135431120288752;0.008238963116420889;0.016803805785686878
0.00616946510053929;0.008460607049967562;0.01736020039051099
0.006201349267111964;0.008722762415950767;0.018001267042232885
0.006233094896451596;0.009005011644249342;0.01869170884091969
0.0062622942824926585;0.009274300571138063;0.01932048656717476
0.006283997028107802;0.009477481170576342;0.019894031650397628
0.006304715804144676;0.009607252033166766;0.020355744135793975
0.006332151149418343;0.009780123990640096;0.020899140838682027
0.006364530497793222;0.009990665945365747;0.02147780068071869
0.006397127243056873;0.010261729270597354;0.0220884657462239
0.00642997264489265;0.01054524935176313;0.02271707466855772
0.00646209125909047;0.01082056883518206;0.02330390462038277
0.00649339285883702;0.011009290485961427;0.023782244292022005
0.006520372096912674;0.01113954091567155;0.024169261042266306
0.006551898908468835;0.0113020422341814;0.024561341910148037
0.006583506000575425;0.011525436587714972;0.02499773380735725
0.00661411349326207;0.011792411603251148;0.025487282059367327
0.006643470598614596;0.01206583679654727;0.025965706132967187
0.0066731744022734;0.012325942013093765;0.026409913651730163
0.006700719866886151;0.012501115892741648;0.026758426227537897
0.006722827567490186;0.012635023021739474;0.027034859528972915
0.006748832782250455;0.012798123799148946;0.027361444475410585
0.0067740898959523;0.013005176903078789;0.027711020515922176
0.006800088716686429;0.01326949032110064;0.028102966340666908
0.006826128032919447;0.013550624555845915;0.028509952594794795
0.006851711952401801;0.013830188208274178;0.02886531860980518
0.006875143216416893;0.014043199933666276;0.02918413857586546
0.0068940176711359425;0.014191050476669336;0.02941504545974001
0.006916808822089648;0.014359546384175416;0.02966549983769503
0.006939202832975302;0.014609101124088544;0.029880809239246305
0.006960070802955451;0.014892992869772087;0.030167742144582923
0.006981406247291198;0.015251169562296931;0.03048384436751112
0.007002900121385755;0.015592117806046607;0.030819797931578033
0.007022132641568666;0.01583429920149437;0.031122581525119795
0.007037808662322828;0.016030466131807055;0.031325568240419994
0.007056551684282325;0.01620349394859429;0.031576056379159265
0.007073609525130157;0.016535929875969316;0.031872611108006994
0.007089871664947188;0.01685871451506041;0.03218039129761769
0.0071077408366675;0.017263672980111847;0.03244036621673107
0.007126655786885438;0.017638934251275953;0.03271560101032523
0.007143945944016371;0.01791193982334234;0.03297052869219331
0.007157839452372065;0.01811147571267091;0.03315400167419729
0.007174854666378962;0.018345600380507737;0.033378780975730556
0.0071924112412657445;0.01864221264404128;0.033613553469401675
0.007208799130263535;0.01902820422950864;0.033918058862940165
0.007224622924066275;0.01933432391119021;0.034239410887819156
0.00723793102380645;0.019507627479071272;0.03441505136787726
0.007252154890179397;0.019672538622357606;0.03456591143229621
0.007263828961017031;0.019804131840002886;0.03471076207711875
0.007278427943590213;0.019958696322681723;0.03489999127283727
0.007293931325638586;0.02022796127121446;0.03517348738604258
0.007308165138274417;0.02061823299322513;0.0355697883519555
0.007321719763244671;0.020893072909524364;0.035944701861046355
0.00733463356470619;0.021045215578248726;0.036144312497921605
0.007346358787752947;0.021168883949240984;0.03638477368373876
0.007357992363091691;0.021286941384932773;0.03656704815790189
0.007370842934739155;0.02142957663550911;0.03682658418682003
0.007385297696500505;0.021684190808535057;0.037169695037147836
0.007398184500962764;0.02200059720493416;0.03748056433851736
0.007398184500962764;0.02238244053481613;0.03777646073207222
0.007424376563375802;0.022678501296162022;0.03811366344515636
0.007435964670084215;0.02288166990642231;0.038428060748479966
0.007444904939523162;0.023031498663794125;0.038639572061803164
0.007456249362790892;0.023184984120453642;0.03887998260644396
0.007468288603565876;0.023419972009105925;0.03914623703142774
0.00747936447773571;0.023721667684108275;0.03943730563283493
0.007490133438650806;0.023989841617443698;0.039709822683297
0.007500892453303017;0.02421377548398693;0.03998514187885179
0.007510688101350077;0.02438020925287831;0.04019688951766474
0.0075178280972068336;0.02446582397292249;0.04034585897816572
0.007527643637779664;0.024602128937518807;0.04052303557390717
0.007538473697166767;0.02479364406677042;0.04075206873425587
0.007548807153856969;0.025038199319460688;0.04098932264556933
0.007558935291263329;0.02525235001676207;0.04121945303140614
0.007569484723947605;0.025449176351864344;0.041444485538821275
0.00757886476029554;0.025596127706517965;0.04164077073844795
0.00758533125206551;0.025676802885229253;0.04178525001464374
0.007594346118476095;0.02575367749451693;0.04196391208489217
0.007602634197248724;0.025911910665661463;0.04222034212165935
0.007616029682012818;0.02612235670696317;0.04246274455257086
0.007625323754231533;0.026290468960773496;0.042691693310958935
0.007634590829450988;0.02643818762281864;0.04290629373604097
0.007642715505333363;0.026572370502910288;0.043096181267052364
0.007648850218191382;0.026639605813092024;0.04322995837464106
0.007656692846476231;0.026712907647337945;0.043392871039037086
0.0076658569068300915;0.026829262619754803;0.043615388368025636
0.007674672137535627;0.0269996408282057;0.04384590700288132
0.0076829936073336555;0.02715439713773242;0.044085828016150484
0.007691560891914415;0.0272801036689834;0.044312683605915094
0.007699966194499617;0.027383402426566464;0.044509171370247264
0.007706438369848378;0.027437773348762285;0.04464369121508945
0.007714300890658997;0.02747828478119882;0.04482282593631737
0.007723482001749232;0.027575061425953985;0.0450413763731566
0.00773009555612043;0.027697794641062833;0.04529689486874904
0.0077387225182785;0.027816007936068525;0.04553141415653829
0.007747385713251364;0.027916165529017562;0.04575968769924138
0.007755661714419061;0.027989467363263486;0.04594638483614119
0.00776214170468866;0.02804253146505813;0.0460703544359054
0.007770389998409749;0.028088761735397066;0.046245370341454886
0.007779541270711328;0.02817935196430812;0.0464490491528322
0.0077889142025857755;0.028301725504077196;0.04668123894650823
0.007798855492339367;0.028410982883122514;0.04694237861267822
0.007808989313324518;0.02852085171024545;0.04719413278082685
0.007819076955231988;0.0286128806405156;0.04742117405490483
0.007826596329973075;0.02866526135916467;0.04758351278596861
0.007836359297442084;0.028711815337309408;0.04780800512083575
0.00784825076516849;0.028807812685495062;0.048084877312466016
0.007860027850871719;0.02895011223908761;0.04842030758437706
0.007871741706760893;0.029069968051478268;0.04876615305822908
0.007883643120750185;0.029187006407040698;0.04908522623017124
0.007894662159132104;0.029281601021401236;0.049379620268826994
0.00790339071526107;0.029338333811661572;0.04960085468801406
0.007914039610574197;0.029385607140485853;0.04988888481883879
0.007926406367577039;0.02949373753679988;0.05024067219071872
0.007938368880038339;0.02963655262504611;0.05062630474880879
0.007951358699366192;0.02976339812820637;0.05103160296372421
0.007964682428948043;0.029877978702280344;0.05143053727080859
0.00797789603919081;0.029975127011553276;0.051780366517202046
0.00798882840299616;0.03003520478247351;0.05201470012067792
0.008001560329936352;0.030086182767297465;0.05234766585533875
0.00801779689364882;0.030195835789216537;0.052723676589917716
0.008034339660168678;0.03036795242847634;0.0531566417675256
0.00805201701110478;0.030521821538831616;0.05360886747254784
0.008070005537979711;0.0306737723807081;0.05404828095994739
0.008088683909230456;0.030803135611246778;0.054407900833773205
0.008106084185700474;0.030882312142709006;0.054665360574460004
0.008126618245426626;0.03094801283810771;0.055009315444394045
0.008152102702280128;0.031109087444436453;0.05539823967894845
0.008180325933663761;0.031318946016016536;0.05581857832324702
0.00820942088394453;0.03152854082568078;0.05625252256359815
0.008240571158405758;0.03172076331643395;0.056656183380477454
0.008273927371885417;0.03188541069780445;0.056994550840618205
0.008302853235697141;0.03197783527094835;0.05740813732806688
0.008336430398302317;0.03206757426822194;0.057724458996092694
0.00837442228073375;0.03225715913981676;0.058083099807175284
0.008416422507107852;0.032528797945592006;0.05848284437308165
0.008460653538157597;0.03278744048242342;0.0588892566938773
0.008505208533198454;0.033032882934285135;0.05929158395977875
0.00855353316187274;0.03323880905548369;0.05962250716699249
0.008593468117803498;0.03335716622062528;0.05984026422540185
0.008631462842024326;0.033471650881275315;0.06011127892096482
0.008682849498772504;0.03367607835522481;0.06051450084764889
0.008740726802500515;0.03396741538044167;0.060888975466544495
0.008804048264263384;0.03422983450834072;0.06125894302074279
0.008870296769103848;0.034447186316166084;0.0616176007122175
0.008943869275664443;0.03459340633096217;0.06192173473712925
0.009012769880458467;0.03469527837636413;0.06210201732502165
0.009094994214834342;0.03477782386684224;0.06223305980908614
0.009185071123757951;0.03489384314227531;0.062464084855705565
0.009278827439501675;0.03513850629756751;0.06275457952378051
0.009382115116878656;0.035443798725967604;0.06307402406434941
0.009490727597135875;0.035732701948052;0.06337029182653102
0.009610730679738505;0.03594676872110743;0.06363593855739831
0.009725635592165204;0.03610556538361761;0.06380102879237844
0.009856622190782306;0.036235168397716136;0.06402788438214305
0.009999236681159361;0.03649524963590665;0.06430067151887911
0.010153654543791557;0.03684804318751288;0.06458701361049136
0.010320390853006865;0.0371577356442362;0.06485580009429387
0.010506097527333329;0.0374431260371688;0.06511515043889864
0.010700619432365327;0.037673138416954216;0.06532932885417755
0.010884743940445722;0.037810258645654016;0.06547893976957928
0.011094438159061491;0.0379254626569836;0.06568266922213296
0.01131797615471853;0.03822380136214806;0.0659162263275711
0.01155449899657198;0.038577697918129594;0.06618708909960495
0.011800872190918356;0.03890791584757602;0.06643620992658211
0.01204930923481338;0.03918836669917572;0.0666693956633935
0.012300090754959874;0.03941343953762824;0.06689149098257893
0.012529581588953604;0.0395561946799845;0.06703396149211188
0.012786001219261215;0.03968778789762978;0.0672094838094251
0.013055479582289526;0.03995431931358023;0.0674353772168386
0.01333010655725554;0.040250883620401814;0.06767700314971237
0.01361570141839435;0.04054256833178046;0.06790396002182972
0.01389454347748157;0.04076958341706775;0.06812279742533507
0.014156030728729107;0.04096488712656498;0.06827716861131597
0.014409884933659727;0.04107470799697595;0.06837753942288978
0.014681379546264304;0.04116503446397116;0.0685313704363227
0.014974390056831256;0.04138124729988725;0.0687099481046105
0.015268648823390279;0.0416444457243558;0.06890910297089838
0.015553593625204816;0.04186606567954649;0.06908717422742243
0.015840191638000316;0.04205411593635828;0.0692589153368997
0.016100566328699426;0.042205850973030895;0.06939883690722182
0.01633497274790041;0.042288840063094725;0.0694845386580392
0.01658250752366229;0.04236227377829856;0.0696017392205614
0.01684020595919798;0.04254102043298821;0.06973421653795649
0.01708399170429955;0.04274985992443892;0.06987064386710877
0.01731566716389124;0.04288576924616149;0.06999829339235619
0.017536737065458094;0.042980411817234;0.07011058176077006
0.017736647003184385;0.043082319830169934;0.07020761025470318
0.017923873324390212;0.04314720526146515;0.07026591512910209
0.018113800055969326;0.043197667711635426;0.07034101599366513
0.018309961673482658;0.04333002823667222;0.07043385815035129
0.01849435899334504;0.04347747114762354;0.0705306840795789
0.018677156385777632;0.04358260424943945;0.0706187153245095
0.01884826194618887;0.04366751160798208;0.07069828949298561
0.019006205048566458;0.04374800694902348;0.07076569289873975
0.019145756089974923;0.04378016192439926;0.07080770819473828
0.019294183460560933;0.043803073243542864;0.07086206305737999
0.019444299564495348;0.04383455682495107;0.07092848740039091
0.019576701374231523;0.04391024450561749;0.07099842286496379
0.019700170019002237;0.043998724639201875;0.071061504890334
0.019817786708959804;0.04406377791898898;0.07111802044316769
0.01992629617435143;0.04410996023261595;0.07116778383915147
0.02001688531581362;0.044133674826685045;0.07119847239203428
0.020111224198383466;0.04415507550940159;0.07124038640568005
0.02020653355203195;0.04421402629759053;0.07128927202127334
0.02030057120492585;0.044269656083475564;0.07132240823101424
0.020386200713445154;0.04430760183182171;0.07136555451328512
0.02046751851700379;0.044335105006136424;0.07140664138771678
0.02053901509641081;0.04436435860043803;0.0714450442798006
0.020600467371198642;0.04437775051225561;0.07146648237779904
0.020666251953920255;0.04439218548255854;0.07149845384048334
0.02073265249449339;0.04443119826774602;0.07153555694237355
0.02079822039077358;0.044469407778007994;0.07157063439720879
0.020858133836603628;0.04449866137230961;0.07160257209910884
0.020915562137607112;0.0445215726914532;0.07163164013434767
0.02096559255036618;0.044539424577483985;0.07165510387940108
0.021008554012003387;0.04454600663620185;0.07167041439505824
0.021052760887843268;0.04455382358025293;0.07169156552639055
0.02110050863327022;0.044571267834231966;0.07171519807536521
0.021144897383631428;0.04458721344096194;0.07173753083414626
0.02118805919142103;0.044600113796481836;0.07175689264391336
0.021229425698759886;0.04461339780569748;0.0717770309517182
0.0212673983991129;0.044623492693567135;0.0717919025771801
0.021297691874071316;0.04462764094915253;0.07180007268696849
0.021333816700869757;0.0446330960251391;0.07181415093400054
0.021372229878579105;0.04464527702997945;0.07183339458102275
0.021408936561756322;0.044657362121395844;0.07183788476532794
0.021443533926754563;0.044666641745162015;0.07185056193981364
0.02147908471209507;0.04467373933853355;0.07186470770841419
0.021511870436353536;0.044680189516293496;0.0718778744142715
0.02153855910146348;0.04468281514627385;0.07188440712602377
0.021571204867594205;0.0446876587741828;0.07189583515149224
0.02160586475195915;0.04469734603000071;0.07190893433578105
0.02163898367602427;0.04470804037676999;0.0719237722004587
0.02167032221903296;0.0447158213532871;0.07193717523180576
0.02170092189679877;0.04472386609172004;0.07195285711608966
0.021729194859496825;0.044730568042217825;0.07196646271214222
0.021753849513846776;0.04473310974795223;0.0719745653003621
0.021784919507757575;0.04473838498626891;0.07198987581601926
0.021817523357494716;0.04475019432659149;0.07200692501206526
0.021848351799306876;0.04476182382924418;0.0720304056375108
0.02187873479063126;0.04477320155915903;0.0720538018609957
0.02190822261829599;0.04478461525660785;0.07207733312761762
0.021934618579098168;0.04479354719421224;0.07210081375306315
0.02195799655956209;0.0447974316878818;0.07211578666087781
0.021985608095778295;0.04480517669686493;0.07214161366082869
0.02201525719499123;0.04482373594439726;0.0721779571450733
0.022042928408784742;0.044843422174660884;0.07221970235479783
0.022069981533384686;0.04486087841781791;0.072268571089999
0.02209922141492464;0.04488015701602979;0.07232120415264398
0.02212633492754924;0.04489564703399606;0.07237397225842597
0.02214771441962062;0.04490219312517994;0.07240891467012422
0.022177563864985955;0.044916376322745026;0.07246892446412773
0.022206964307626767;0.04494278848186242;0.07254073365222645
0.022232072937832685;0.04496544802826818;0.07262608091480922
0.02225984929783384;0.04499049342109444;0.07271287989111472
0.022288083896375054;0.04501350065366198;0.07279961134585172
0.022316047814476325;0.04503012964353752;0.07287965816530732
0.02233714028581874;0.0450416152760543;0.07293224058677593
0.02236815415438897;0.045060138556052655;0.07300847243761134
0.02239906500809361;0.04509332460073579;0.07310457250997758
0.022430488094336825;0.04513099459798812;0.07320867388821095
0.02246007751597245;0.04516041604078162;0.07332030392133197
0.022489796239025583;0.045189190067963535;0.07343017839367201
0.022518309332927578;0.045214331374213726;0.07351998207977573
0.022540012788990073;0.04522448620797335;0.07357374612869307
0.022570295607238253;0.04524565909630804;0.07365546410696902
0.022600832055190007;0.045288472450919125;0.07376670589107116
0.02263254855618833;0.045330902151834454;0.07388864984378041
0.022659991716382836;0.045372240837552466;0.07400004355141168
0.02268774889430557;0.0454106781421963;0.07411646761589613
0.02271296906474527;0.04544816830177874;0.07421324290394736
0.02273300652177452;0.04546235149934382;0.07428414055087135
0.02276025430894807;0.04549208466076513;0.07437907587618098
0.022789521187487283;0.04555198259401548;0.07449590507007642
0.02281802433512639;0.04561957757953699;0.07461857487964703
0.022845495202767505;0.04568645321437895;0.07474345602058598
0.022871130274458983;0.045754120134968414;0.07486467411643385
0.022894530278790723;0.04581080496851678;0.0749602340162521
0.022912409396773917;0.04583629396092875;0.07502216817495784
0.022937401513614612;0.045883195625235275;0.07511109408067106
0.02296326250756305;0.04598299354284454;0.0752319408078922
0.022989244277560803;0.046083702637981235;0.07535415484687544
0.023013724161862918;0.04619496220975129;0.07547603127801618
0.023035711086417634;0.046291978638066306;0.07560206028561961
0.023053523422350033;0.04637650234291318;0.07570202596778242
0.02307161638498526;0.04642047864778953;0.07577234968137415
0.02309832423217362;0.04648938045371222;0.07587494870470843
0.02313112132358967;0.04662798734048309;0.07600220998093697
0.02316284848129823;0.04677936270181593;0.0761240020101171
0.023196068288886894;0.04692358052388727;0.07625605731770907
0.023228097386718747;0.04704710502474362;0.07637182304690066
0.023258581972014025;0.047148005946728196;0.07647232890161146
0.0232805639234373;0.04720266460919584;0.07654412120931804
0.02331037784643519;0.0472716023826525;0.07663682832286721
0.023343834232991047;0.04743382795006853;0.07674648335010963
0.023376054441159765;0.047598259526235163;0.07686049351852024
0.023406332286276504;0.04776911730180576;0.07697408167712773
0.023436715277600887;0.0478990200453541;0.07707799737104773
0.02346438578094705;0.04802434292290932;0.07716769977479869
0.023486567368075372;0.04808127952919553;0.07722419844724025
0.023513475561416135;0.04816191874037284;0.07730378949610849
0.023544211645072935;0.04832455193984061;0.07740373829787917
0.023569058120207098;0.04850955694544231;0.07749688430162358
0.023592770010925017;0.04866504459482657;0.07759170146418833
0.023613082411078304;0.04879949123683405;0.07767932757970794
0.02363244494312607;0.0488875517491887;0.07775805772857781
0.023650493147578312;0.048953624109105164;0.07780518778339013
0.02366980026473286;0.049029455659907496;0.07787286127541829
0.023691518640189677;0.04917878087180363;0.07795432604781236
0.02371596016033495;0.04933374099735622;0.0780406692535305
0.023741296133692528;0.04946588571718915;0.07811737375534539
0.02376315872996118;0.04957260139050007;0.07819461842970828
0.023784654024950436;0.04966056598943077;0.07825937161389884
0.02380320735746777;0.049705357558410615;0.07829996895695888
0.023822363859784344;0.049761275084567465;0.07835692339998782
0.023845043470504267;0.049886609951300676;0.07842382039397823
0.023867338729208418;0.050014846199108065;0.07849223662325987
0.02388837933789436;0.05013146493344076;0.07855621330941269
0.02390850346950018;0.050217918895944416;0.0786156154092997
0.02392700422891369;0.05031112276565782;0.07866792774449434
0.023940357086836846;0.050347354061551046;0.07869785667973153
0.023953763228311175;0.050397360922957615;0.07874785640120506
0.02397047934398417;0.05053859343970883;0.07880207622070978
0.02398946747027905;0.05068426195231727;0.07887118454606853
0.024006769705014915;0.05080556845524501;0.07892862852046909
0.024022997743359194;0.05090768028420682;0.0789844857380099
0.024037774337769612;0.050981581577352365;0.07903456986144405
0.0240508082048331;0.05101860415899309;0.07906178105354916
0.024064188059755517;0.051076140224178924;0.07910335745935244
0.024080124104239386;0.0512145792624579;0.07915791488669965
0.024095226083535613;0.05135418125100215;0.07920742507680156
0.02410925031420351;0.051479216388285544;0.07925835321984195
0.02412215630074419;0.05158536857023082;0.07930472365700866
0.024135038132075008;0.05167663019310945;0.07934317719026886
0.024145206764980255;0.051713928525844007;0.07936876786472999
0.024156448173382392;0.05177352672964454;0.07941073251955214
0.024169937437196542;0.05191623391528883;0.07945747432534558
0.024181917000394217;0.05206468391719152;0.07950247745075019
0.024193270659477482;0.05220277526930871;0.07954854404085865
0.024203320647675462;0.052334044779148194;0.07959888137017468
0.024212979889831527;0.052438134822478756;0.07963998512499847
0.024222256911313866;0.05248676292841619;0.07966689247004533
0.024232645782897286;0.05256794165260316;0.07971238512682154
0.024245756378274457;0.05277193751614493;0.07977482569729102
0.02425697150012468;0.05296468753072976;0.07983881926383597
0.02426857026354333;0.05319933972239826;0.0799042983048879
0.024279870639075423;0.053380915823094115;0.07997021623613508
0.024290034298849232;0.053545551215286626;0.08003306193601555
0.024298863738501746;0.05362435608223109;0.08007585373005181
0.024308419965792215;0.053749918743346156;0.08014426995933345
0.024319897953161546;0.05402821154290722;0.0802218353611467
0.024330091451724007;0.05436435212628191;0.0803039247080494
0.024340260084629254;0.054660101169000004;0.0803939309588586
0.02434937512411604;0.054918384030491645;0.08047625663125105
0.02435826566224056;0.055120845279250374;0.08055264040561556
0.02436567065495847;0.055236636760301584;0.08060020935062313
0.024374127109752796;0.0553662757419341;0.08064799774072832
0.02438328122384377;0.05561083099462436;0.08073557321507156
0.02439232450814831;0.05601785159829051;0.08083520128939187
0.02440008898722478;0.05646288988537075;0.08094932962054735
0.024407780290224307;0.05687054591547049;0.08106344107131071
0.024415934804895335;0.05715280713294706;0.08116171871426105
0.02442312879475061;0.057338795251144145;0.08123847385725232
0.024431274784053453;0.05760054298507561;0.0813416299335267
0.02444057525029831;0.058076225611104586;0.08147723012346487
0.02444946720931753;0.05867803438961428;0.08162403889377388
0.02445788601040236;0.0592611880071677;0.08176789359546106
0.024465893462472164;0.059801672140245954;0.08191203526381437
0.024473160628404378;0.06020328562463749;0.08203973543023815
0.024479458744152652;0.060486314149505574;0.08212749658889476
0.0244867031757697;0.060870543325808046;0.08225941685334974
0.024495170997721607;0.06150388364243792;0.08243103980008214
0.024503061225978836;0.06228762819698325;0.08261073157425018
0.02451038025456752;0.06292269495524404;0.08278888723273486
0.024517831426363112;0.06368909116923427;0.08298368695785456
0.024523861703460836;0.06420135277731825;0.08314754492420957
0.024529246183918385;0.06456873715854132;0.08325563007498439
0.02453584126665851;0.06511215864022772;0.08342517673348544
0.024542319836033413;0.06591404282107564;0.08363533761543868
0.024549814345117285;0.06682475277056116;0.08386754428950682
0.024555723846165695;0.06774089381767726;0.08409848493416562
0.024561957311205213;0.06854566739042137;0.08431571870041912
0.02456786041822748;0.06907799888246474;0.08453393152941585
0.024572826445196507;0.06943004910503543;0.08466850201543442
0.024579187790758836;0.06997858996572462;0.08488384517776994
0.02458612530912115;0.07078409487832626;0.08513828332826641
0.024592672791888894;0.07166181060997652;0.08542204271988356
0.024598784770431748;0.07255322997207217;0.0857092625918863
0.024598784770431748;0.07332665184436599;0.08598993287174464
0.024611005175280712;0.07383085672483904;0.08624330755753724
0.024615851847095117;0.07416458748343725;0.08640357000036968
0.024621847312272745;0.07459690525266749;0.08666930113319761
0.024628539015852328;0.07543136403012093;0.08697223665026849
0.024634508194478044;0.07627793187734677;0.08718351163810195
0.024640184668796004;0.07701272461814888;0.08752939087273821
0.024645780862563534;0.07765650750881019;0.08788446992108248
0.024651002650578176;0.07804790621355215;0.08820877601458331
0.02465511187804439;0.07830858691064228;0.08842322451613623
0.024660073642329326;0.07867812934390399;0.08877205781939432
0.024665738749489702;0.07929318616409535;0.08916351411276743
0.02467102945089719;0.0799726968051742;0.08960415986879208
0.02467102945089719;0.08058376122909408;0.09008719228944201
0.024676105597205303;0.08109705390648542;0.09056080545128631
0.024685798940834117;0.08144891230220824;0.09097104962109427
0.024689582783414522;0.081641770219395;0.09124459637547597
0.02469407067931772;0.08192265268140243;0.09176422548625235
0.024699395482197958;0.08247006655936033;0.09237742261057627
0.024704119957068348;0.08300870435902773;0.09313003489345856
0.024709227363059815;0.0834334929244787;0.09398401393105
0.024714191258686794;0.08369982052440329;0.09490883997438906
0.024718831190322664;0.08382091122212718;0.09532885789123727
0.024723348214567165;0.08398765670964635;0.09584875708828766
0.024729880777940586;0.08424038858172749;0.09717049179165613
0.024739226002368424;0.08472047123607969;0.0988250403061563
0.024751135941725903;0.08523324837881736;0.10096885010600042
0.024767316380097805;0.08572768207922656;0.10340393107195722
0.0247868913359029;0.08604410046480365;0.10578838774193189
0.024810868933929323;0.08619414502737932;0.10682040427526315
0.02483742474538501;0.08641616062544376;0.10796884487307887
0.024878699605015854;0.08678256189407144;0.11085264042249596
0.024943299161559452;0.08748886834796345;0.11404452000858199
0.02502649254611927;0.08826025205999855;0.1177485844525174
0.025127366123404583;0.08893566240220398;0.1195766802784522
0.025240776254609132;0.08960572557102477;0.12291114853681605
0.025368459983501054;0.09004395400500528;0.12553844652789747
0.025487859896304442;0.09034674069520496;0.12752028896530454
0.02562619820408828;0.09089452623768061;0.1312427361562638
0.025801974955818735;0.09185881582361445;0.13455475349310175
0.025989676566301;0.09283493872822685;0.137670485630313
0.02618066825845616;0.0939406166902258;0.14106123311602078
0.02637334300038094;0.09487603633555379;0.1443180684510029
0.026556701646219184;0.09550551613687008;0.14697613939692775
0.026725800903317037;0.09591488661942275;0.14838374465503484
0.026926836189644036;0.096806941407952;0.15223455034771075
0.027152425957244788;0.09815360184759947;0.15562693523145466
0.027399131640950463;0.09975458872000106;0.15898385441134444
0.027639052552473852;0.10143499190742475;0.16211685518969932
0.027876010188104847;0.10305905794746184;0.16511033952714307
0.028093452545508057;0.10408341331513792;0.1675155759598233
0.028275237550468423;0.10484344327561415;0.1688266084945847
0.028478364393790673;0.10636552936764736;0.17239304710152695
0.028681825147366922;0.10833175455841136;0.1752785813313329
0.028860295915444523;0.11076718821908842;0.17791259771847995
0.029027629000432934;0.11304690643599936;0.18034923168051226
0.02919407331578783;0.1153148512801217;0.1826690533290412
0.029343209002380726;0.11674120378588508;0.18442647095314965
0.029461895626045783;0.11768017222789884;0.1853993048316915
0.029576551881900358;0.1196297684287873;0.18764956238427435
0.029699056449618573;0.12212948806185994;0.18966378141377674
0.02980519302086477;0.12496037276944041;0.19157052298662078
0.029896096180055187;0.12794373584272903;0.19327375455200874
0.02997245079843419;0.13055515864715747;0.1948468720548991
0.030032040280273127;0.1321517934479478;0.19617946085040378
0.030080064389718813;0.13329396646775582;0.19688171892357792
0.030130765464775274;0.13532698336911583;0.19861076060852464
0.03017842511473096;0.1381354483138504;0.1999893653529614
0.030219685765414825;0.14110710994941839;0.20127556683090725
0.030255497284932386;0.14398657480622432;0.2024146219307016
0.030287380030610364;0.14650177246808524;0.2034649368090961
0.030311615521024446;0.14800233798562196;0.2043485409348665
0.030331088172411296;0.14891909048081567;0.2048342910986485
0.030352838517998817;0.15082797143324173;0.20603318718852512
0.030374689747109888;0.1534652548945999;0.20704379938464218
0.03039310454239418;0.1562902169482521;0.20802379054944495
0.03040892620485487;0.1589284115871377;0.2089302676065444
0.030423112417518324;0.1611956250914025;0.20978568147746646
0.030434515807916014;0.16261073174820895;0.21049806778591543
0.030444039354628433;0.16349633635897823;0.210911367306698
0.03045476853049199;0.16500579784658537;0.21192650344790448
0.030464819939584664;0.16751215948426584;0.21275637728554178
0.03047417368938069;0.17010568244595153;0.21355807774872287
0.030482343123446047;0.17263231778361726;0.21426821896501927
0.030489641549061617;0.1747404109175661;0.2149326311990497
0.0304953343636686;0.17603419908226678;0.2154707443392027
0.03050024710708646;0.17678171234091888;0.215779284146459
0.030505613826360283;0.1782457228547566;0.21657495830965154
0.03051027507141662;0.18048057756761973;0.21721550166921758
0.03051481909266038;0.183006373662826;0.21793440380902673
0.0305190256514134;0.1856151348697401;0.21858181748818753
0.030522916061096146;0.1879195747716715;0.21928005802803596
0.030526015032432186;0.18932097779803256;0.21988587842100138
0.030528851848696466;0.19026126504962548;0.22026842186733261
0.030532102145317826;0.19214115616966576;0.22129395633008797
0.030535074657025752;0.19472906819605096;0.22213485306378272
0.030538054273207167;0.19787924869192672;0.22306590797181583
0.030540621829926205;0.20091054449882922;0.22397679081125982
0.030542835583865474;0.20375301075235042;0.22490048586832653
0.03054461383357985;0.2055107081702915;0.22574497812554387
0.030546438262371904;0.20661824445487928;0.2262462920108649
0.030548481508947428;0.20900274808744437;0.22770499421593363
0.030550285334766364;0.21215102230401933;0.228956624650808
0.03055208134566446;0.21568700255851456;0.23034702878933996
0.030553555523913492;0.21925791927767985;0.23167343936132698
0.03055480662169496;0.22237797096926054;0.23295243291183557
0.030555907104638454;0.22395804871524327;0.2339916573726041
0.030557030321897116;0.22506481769243955;0.2345562220872166
0.030558293497283513;0.22772737434100584;0.23619199960567405
0.030559670344245744;0.23112908779116348;0.23751471337178573
0.030560867448028693;0.23494628620464994;0.23890984402011264
0.030562046790627916;0.23850105350105938;0.2401994553372677
0.030563056336310748;0.24152263807378796;0.24145900267604856
0.03056395860444389;0.24285612240682172;0.24248215700351433
0.030564853057656195;0.243665403910491;0.24301490217897165
0.030565729039237426;0.24651105928535819;0.24470793798751628
0.030566599337239868;0.2497298778252408;0.2459133836695373
0.03056754778445069;0.2560540133569514;0.24716867714950272
0.03056844294811034;0.2560533419629838;0.248469142558794
0.03056922159840477;0.2584086879146712;0.24967460512120712
0.030569870236834346;0.25978962541419914;0.25060317861159787
0.030570435042476744;0.25978962541419914;0.25113202441647436
0.030571206588297685;0.26195243715650557;0.252632927601855
0.030571940480409128;0.266948495474457;0.25381261380549364
0.030572728366519093;0.2690497547769501;0.254996317542458
0.030573545380970363;0.27085622417096455;0.25613812414616866
0.030574294192476138;0.2715212758633845;0.25722557588723766
0.030574905887643566;0.2718904106645944;0.2581357666306045
0.030575471403733318;0.27429354547975976;0.2586203182865457
0.03057624437044895;0.27595585699759284;0.26003921652698425
0.030576959790929326;0.2779384833838505;0.26109569274850425
0.030577634005463462;0.2798191538004603;0.26220333343855445
0.03057832669162867;0.2802695632392812;0.26325481306400556
0.03057914370607994;0.2807465406965334;0.2643441554089925
0.030580694612642657;0.28099210304017497;0.2652262065386874
0.030581580540486774;0.28126165572897954;0.2655399792675024
0.030583049035157014;0.28364250266225693;0.2660012528627035
0.03058473989984747;0.2858763862517027;0.26769671944771406
0.030586481206299698;0.2878152521382879;0.26897954484723496
0.030588276506750448;0.28943473831233185;0.27022437248408304
0.030590118696726225;0.2899044623168986;0.2714233529759203
0.03059192394343986;0.2901452529676992;0.27238296950742846
0.0305919317583607;0.29178534853871224;0.2728097395811266
0.030595767463597576;0.29178534853871224;0.2733158812585953
0.030598114071191094;0.29504358749583404;0.27480863121457966
0.030600513251888437;0.2962618078716483;0.27599083259664486
0.030603133381711292;0.29730843913203436;0.2769934434868948
0.03060549490869914;0.29744892831975006;0.2779052716282978
0.030607737790979715;0.29749726868541565;0.2786073440171586
0.03060956221977177;0.29885830414947606;0.27892921933419346
0.030611839203525094;0.3001367221879905;0.2799827077263074
0.030614165918592843;0.3012896854679917;0.2807869402483072
0.030616684454444803;0.3023096408073445;0.2816092685506647
0.030619387706607486;0.303175882895656;0.28235815026688743
0.030621839460408647;0.30327764703845606;0.2830465832989114
0.030624117865056668;0.3033178107847308;0.28357367354300694
0.030625743368591023;0.3046074626830241;0.28386774685421234
0.030627801534560874;0.305770532840073;0.28481640801123154
0.030629809969216302;0.3068371021034605;0.28553691378829255
0.030631828350134616;0.3076643433957625;0.2862034023105543
0.03063385880865786;0.3084059819571983;0.2868622271347914
0.03063562569121465;0.30847972739102997;0.2874755593022524
0.030637190096277;0.30850736244630256;0.2879435850543034
0.03063830478816747;0.30954145302650854;0.288176129336214
0.030639604196368665;0.3104052852900435;0.28893407582300773
0.03064128369390154;0.31110927783258296;0.2894561357102501
0.030642888594462774;0.31169566852819436;0.28997473511710686
0.03064453896365434;0.312203709945625;0.2904274334731086
0.030646120419453058;0.3122495445730902;0.29083671546056544
0.0306475569439926;0.3122644710996908;0.2911454409521351
0.03064874694330206;0.31303701776199117;0.29131459936161735
0.030650255933471187;0.3136261779577188;0.2918330637253371
0.030652122989104177;0.3141022082699096;0.29224064079318934
0.03065404830141978;0.3141244122275516;0.2925928839356567
0.03065595585255166;0.3146036916069783;0.29296121409181886
0.030657964997654438;0.3146362182468719;0.2932755607539661
0.030659887468180644;0.3146452700762562;0.29353106236916643
0.030661548494082445;0.31538726831303177;0.2936635059257773
0.03066349867205526;0.3160461575679636;0.29408023216616114
0.030666135852614494;0.31662765667895404;0.2943979549067333
0.03066900677035152;0.3171395106549863;0.29469704169439975
0.030671821562747986;0.31763211001116265;0.29486064645487287
0.030674855172927923;0.31763211001116265;0.2952456713188465
0.03067806497405039;0.3176725854760652;0.29550768876540695
0.03068070357550432;0.317693566537552;0.29565313022395384
0.030684421346481278;0.318708510400504;0.2961350147779393
0.030689564985287538;0.3196393022231269;0.29652199776739935
0.030694953017981832;0.320572995426824;0.29691926091566334
0.030700870333951077;0.32135633234931754;0.2972908321071135
0.030706967393099603;0.32135633234931754;0.2976699319534513
0.03071271064946836;0.321420810148561;0.2979958923253804
0.03071739533928721;0.32268974474728335;0.29817597234856724
0.03072366290579948;0.3237968733998194;0.2988485546923861
0.030732339599271973;0.3248656127044236;0.2994023834776072
0.03074146671636369;0.32520272441121567;0.3000281058528877
0.030750855988527163;0.32616502379360274;0.3006386696360402
0.030760020048881023;0.32616504777195876;0.30122899382903506
0.03076910027644771;0.32624826465640444;0.3018072316612686
0.03077615004549115;0.3277240964997427;0.3020925946901376
0.030784852315068206;0.3291535901701401;0.30316051581751824
0.030794310500624526;0.33058461845532056;0.30408679357458
0.030806626815865594;0.33188172762232515;0.3050562682550891
0.03081795134660755;0.3329527928274599;0.3060084911748466
0.030826291288036652;0.33295280481663786;0.3069685297161579
0.030838420755624953;0.33296238416985385;0.30780115505771155
0.030846799061210895;0.3346687918843432;0.30822348558828083
0.030857104810454488;0.33627474227643367;0.3096441562698925
0.03087047471911402;0.33786535850987176;0.31125547410016113
0.03088260205536027;0.3392213225516414;0.31267737705039794
0.0308947450214482;0.3404042827549798;0.3141442831260393
0.030906185355108036;0.3404042947441578;0.3155950346664173
0.030917648423083036;0.34043264915010996;0.31682590221897816
0.030926945337091147;0.3422009210230404;0.31744853548249985
0.030938425455802523;0.34376824228363917;0.3196938808409744
0.030951874224117788;0.3453916009621747;0.3215510109413638
0.030965241290987922;0.3468031108655834;0.3233806091221977
0.030978626119041782;0.34795310082944253;0.3251000965052018
0.030991596756291213;0.34795310082944253;0.32676958416673235
0.031003445597176684;0.34799500300652614;0.3281463995896039
0.03101311833783238;0.34985007652812206;0.32956031811436565
0.031025129160713406;0.3513800275209183;0.3319920736430739
0.03103943685987353;0.3532041689632936;0.33387577348066766
0.031053672803851406;0.35451930985399893;0.33570952423796424
0.03106791301051338;0.3559945302492596;0.33736272232109443
0.031082497073692237;0.3559945302492596;0.3389053200750232
0.031094528499546383;0.3559945302492596;0.34006999961006296
0.03110556032598058;0.3579210832500465;0.3406110330580535
0.03111878601382828;0.3596115453578059;0.34265529918553794
0.03113516182522114;0.3612495548118482;0.344120534102359
0.03115103108765421;0.3625422159938176;0.345496876874251
0.03116624247584217;0.3636453282717262;0.346706643936656
0.031180649637631144;0.36364535225008215;0.34787432818149394
0.031192632042618212;0.36364535225008215;0.3487499985229657
0.03120316797680286;0.3653894419510018;0.3491571029398384
0.031216178399103834;0.366849484046924;0.3506535665820903
