date,India,Germany,Italy,France,Russia
2020-01-31,1.0,5.0,2.0,5.0,2.0
2020-02-01,1.0,8.0,2.0,6.0,2.0
2020-02-02,2.0,10.0,2.0,6.0,2.0
2020-02-03,3.0,12.0,2.0,6.0,2.0
2020-02-04,3.0,12.0,2.0,6.0,2.0
2020-02-05,3.0,12.0,2.0,6.0,2.0
2020-02-06,3.0,12.0,2.0,6.0,2.0
2020-02-07,3.0,13.0,3.0,6.0,2.0
2020-02-08,3.0,13.0,3.0,11.0,2.0
2020-02-09,3.0,14.0,3.0,11.0,2.0
2020-02-10,3.0,14.0,3.0,11.0,2.0
2020-02-11,3.0,16.0,3.0,11.0,2.0
2020-02-12,3.0,16.0,3.0,11.0,2.0
2020-02-13,3.0,16.0,3.0,11.0,2.0
2020-02-14,3.0,16.0,3.0,11.0,2.0
2020-02-15,3.0,16.0,3.0,12.0,2.0
2020-02-16,3.0,16.0,3.0,12.0,2.0
2020-02-17,3.0,16.0,3.0,12.0,2.0
2020-02-18,3.0,16.0,3.0,12.0,2.0
2020-02-19,3.0,16.0,3.0,12.0,2.0
2020-02-20,3.0,16.0,3.0,12.0,2.0
2020-02-21,3.0,16.0,20.0,12.0,2.0
2020-02-22,3.0,16.0,62.0,12.0,2.0
2020-02-23,3.0,16.0,155.0,12.0,2.0
2020-02-24,3.0,16.0,229.0,12.0,2.0
2020-02-25,3.0,16.0,322.0,14.0,2.0
2020-02-26,3.0,21.0,453.0,18.0,2.0
2020-02-27,3.0,26.0,655.0,38.0,2.0
2020-02-28,3.0,53.0,888.0,57.0,2.0
2020-02-29,3.0,66.0,1128.0,100.0,2.0
2020-03-01,3.0,117.0,1694.0,130.0,2.0
2020-03-02,5.0,150.0,2036.0,191.0,3.0
2020-03-03,5.0,188.0,2502.0,212.0,3.0
2020-03-04,28.0,240.0,3089.0,288.0,3.0
2020-03-05,30.0,349.0,3858.0,426.0,4.0
2020-03-06,31.0,534.0,4636.0,616.0,13.0
2020-03-07,34.0,684.0,5883.0,948.0,13.0
2020-03-08,39.0,847.0,7375.0,1125.0,17.0
2020-03-09,43.0,1112.0,9172.0,1411.0,17.0
2020-03-10,56.0,1296.0,10149.0,1783.0,20.0
2020-03-11,62.0,1567.0,12462.0,2293.0,20.0
2020-03-12,73.0,2369.0,15113.0,2293.0,28.0
2020-03-13,82.0,3062.0,17660.0,3678.0,45.0
2020-03-14,102.0,3795.0,21157.0,4493.0,59.0
2020-03-15,113.0,4838.0,24747.0,4529.0,63.0
2020-03-16,119.0,6012.0,27980.0,6680.0,90.0
2020-03-17,142.0,7156.0,31506.0,7712.0,114.0
2020-03-18,156.0,8198.0,35713.0,9121.0,147.0
2020-03-19,194.0,10999.0,41035.0,10962.0,199.0
2020-03-20,244.0,13957.0,47021.0,12745.0,253.0
2020-03-21,330.0,16662.0,53578.0,14444.0,306.0
2020-03-22,396.0,18610.0,59138.0,16739.0,367.0
2020-03-23,499.0,22672.0,63927.0,20094.0,438.0
2020-03-24,536.0,27436.0,69176.0,22337.0,495.0
2020-03-25,657.0,31554.0,74386.0,25292.0,658.0
2020-03-26,727.0,36508.0,80589.0,29208.0,840.0
2020-03-27,887.0,42288.0,86498.0,33000.0,1036.0
2020-03-28,987.0,48582.0,92472.0,37648.0,1264.0
2020-03-29,1024.0,52547.0,97689.0,40251.0,1534.0
2020-03-30,1251.0,57298.0,101739.0,44594.0,1836.0
2020-03-31,1397.0,61913.0,105792.0,52229.0,2337.0
2020-04-01,1998.0,67366.0,110574.0,57072.0,2777.0
2020-04-02,2543.0,73522.0,115242.0,59172.0,3548.0
2020-04-03,2567.0,79696.0,119827.0,64395.0,4149.0
2020-04-04,3082.0,85778.0,124632.0,47319.0,4731.0
2020-04-05,3588.0,91714.0,128948.0,48165.0,5389.0
2020-04-06,4778.0,95391.0,132547.0,50823.0,6343.0
2020-04-07,5311.0,99225.0,135586.0,47329.0,7497.0
2020-04-08,5916.0,103228.0,139422.0,51180.0,8672.0
2020-04-09,6725.0,108202.0,143626.0,54964.0,10131.0
2020-04-10,7598.0,113525.0,147577.0,56530.0,11917.0
2020-04-11,8446.0,117658.0,152271.0,57975.0,13584.0
2020-04-12,9205.0,120479.0,156363.0,108720.0,15770.0
2020-04-13,10453.0,123016.0,159516.0,111859.0,18328.0
2020-04-14,11487.0,125098.0,162488.0,129307.0,21102.0
2020-04-15,12322.0,127584.0,165155.0,132514.0,24490.0
2020-04-16,13430.0,130450.0,168941.0,145092.0,27938.0
2020-04-17,14352.0,133830.0,172434.0,146983.0,32008.0
2020-04-18,15722.0,137439.0,175925.0,150787.0,36793.0
2020-04-19,17615.0,139897.0,178972.0,151881.0,42853.0
2020-04-20,18539.0,141672.0,181228.0,154327.0,47121.0
2020-04-21,20080.0,143457.0,183957.0,156993.0,52763.0
2020-04-22,21370.0,145694.0,187327.0,158791.0,57999.0
2020-04-23,23077.0,148046.0,189973.0,157082.0,62773.0
2020-04-24,24530.0,150383.0,192994.0,159893.0,68622.0
2020-04-25,26283.0,152438.0,195351.0,161571.0,74588.0
2020-04-26,27890.0,154175.0,197675.0,162204.0,80949.0
2020-04-27,29451.0,155193.0,199414.0,165890.0,87147.0
2020-04-28,31324.0,156337.0,201505.0,169021.0,93558.0
2020-04-29,33062.0,157641.0,203591.0,167566.0,99399.0
2020-04-30,34863.0,159119.0,205463.0,168784.0,106498.0
2020-05-01,37257.0,160758.0,207428.0,169310.0,114431.0
2020-05-02,39699.0,161703.0,209328.0,170102.0,124054.0
2020-05-03,42505.0,162496.0,210717.0,170463.0,134687.0
2020-05-04,46437.0,163175.0,211938.0,171025.0,145268.0
2020-05-05,49400.0,163860.0,213013.0,172140.0,155370.0
2020-05-06,52987.0,164807.0,214457.0,176276.0,165929.0
2020-05-07,56351.0,166091.0,215858.0,177017.0,177160.0
2020-05-08,59695.0,167300.0,217185.0,177548.0,187859.0
2020-05-09,62808.0,168551.0,218268.0,178076.0,198676.0
2020-05-10,67161.0,169218.0,219070.0,178325.0,209688.0
2020-05-11,70768.0,169575.0,219814.0,178640.0,221344.0
2020-05-12,74292.0,170508.0,221216.0,179393.0,232243.0
2020-05-13,78055.0,171306.0,222104.0,179914.0,242271.0
2020-05-14,81997.0,172239.0,223096.0,180556.0,252245.0
2020-05-15,85784.0,173152.0,223885.0,181069.0,262843.0
2020-05-16,90648.0,173772.0,224760.0,181484.0,272043.0
2020-05-17,95698.0,174355.0,225435.0,181624.0,281752.0
2020-05-18,100328.0,174697.0,225886.0,182068.0,290678.0
2020-05-19,106475.0,175210.0,226699.0,182569.0,299941.0
2020-05-20,112028.0,176007.0,227364.0,183050.0,308705.0
2020-05-21,118226.0,176752.0,228006.0,183317.0,317554.0
2020-05-22,124794.0,177212.0,228658.0,184073.0,326448.0
2020-05-23,131423.0,177850.0,229327.0,184619.0,335882.0
2020-05-24,138536.0,178281.0,229858.0,184180.0,344481.0
2020-05-25,144950.0,178570.0,230158.0,184505.0,353427.0
2020-05-26,150793.0,179002.0,230555.0,184760.0,362342.0
2020-05-27,158086.0,179364.0,231139.0,184933.0,370680.0
2020-05-28,165386.0,179717.0,231732.0,188275.0,379051.0
2020-05-29,173491.0,180458.0,232248.0,188869.0,387623.0
2020-05-30,181827.0,181196.0,232664.0,190663.0,396575.0
2020-05-31,190609.0,181482.0,232997.0,190895.0,405843.0
2020-06-01,198370.0,181815.0,233197.0,191301.0,414328.0
2020-06-02,207191.0,182028.0,233515.0,190654.0,423186.0
2020-06-03,216824.0,182370.0,233836.0,187428.0,431715.0
2020-06-04,226713.0,182764.0,234013.0,191788.0,440538.0
2020-06-05,236184.0,183271.0,234531.0,192369.0,449256.0
2020-06-06,246622.0,183678.0,234801.0,192941.0,458102.0
2020-06-07,257486.0,183979.0,234998.0,193282.0,467073.0
2020-06-08,265928.0,184193.0,235278.0,193556.0,476043.0
2020-06-09,276146.0,184543.0,235561.0,194108.0,484630.0
2020-06-10,286605.0,184861.0,235763.0,194733.0,493023.0
2020-06-11,297535.0,185416.0,236142.0,195097.0,501800.0
2020-06-12,308993.0,185674.0,236305.0,195898.0,510761.0
2020-06-13,320922.0,186022.0,236651.0,196395.0,519458.0
2020-06-14,332424.0,186269.0,236989.0,196785.0,528267.0
2020-06-15,343091.0,186461.0,237290.0,196921.0,536484.0
2020-06-16,354065.0,186839.0,237500.0,197584.0,544725.0
2020-06-17,366946.0,187184.0,237828.0,198073.0,552549.0
2020-06-18,380532.0,187764.0,238159.0,198659.0,560321.0
2020-06-19,395048.0,188534.0,238011.0,199446.0,568292.0
2020-06-20,410451.0,189135.0,238275.0,200065.0,576162.0
2020-06-21,425282.0,189822.0,238499.0,200408.0,583879.0
2020-06-22,440215.0,190359.0,238720.0,200550.0,591465.0
2020-06-23,456183.0,190862.0,238833.0,201248.0,598878.0
2020-06-24,473105.0,191449.0,239410.0,201516.0,606043.0
2020-06-25,490401.0,192079.0,239706.0,201771.0,613148.0
2020-06-26,508953.0,192556.0,239961.0,203034.0,619936.0
2020-06-27,528859.0,193243.0,240136.0,203482.0,626779.0
2020-06-28,548318.0,193499.0,240310.0,203073.0,633563.0
2020-06-29,566840.0,193761.0,240436.0,203718.0,640246.0
2020-06-30,585481.0,194259.0,240578.0,204160.0,646929.0
2020-07-01,604641.0,194725.0,240760.0,205150.0,653479.0
2020-07-02,625544.0,195228.0,240961.0,205689.0,660231.0
2020-07-03,648315.0,195674.0,241184.0,206228.0,666941.0
2020-07-04,673165.0,196096.0,241419.0,206586.0,673564.0
2020-07-05,697413.0,196335.0,241611.0,206598.0,680283.0
2020-07-06,719664.0,196554.0,241819.0,207616.0,686852.0
2020-07-07,742417.0,196944.0,241956.0,208070.0,693215.0
2020-07-08,767296.0,197341.0,242149.0,208892.0,699749.0
2020-07-09,793802.0,197783.0,242363.0,209336.0,706240.0
2020-07-10,820916.0,198178.0,242639.0,210050.0,712863.0
2020-07-11,849522.0,198556.0,242827.0,210301.0,719449.0
2020-07-12,878254.0,198804.0,243061.0,210317.0,726036.0
2020-07-13,906752.0,198963.0,243230.0,211740.0,732547.0
2020-07-14,936181.0,199375.0,243344.0,211802.0,738787.0
2020-07-15,968857.0,199726.0,243506.0,212528.0,745197.0
2020-07-16,1003832.0,200260.0,243736.0,213097.0,751612.0
2020-07-17,1039084.0,200843.0,243967.0,213921.0,758001.0
2020-07-18,1077781.0,201372.0,244216.0,214086.0,764215.0
2020-07-19,1118206.0,201574.0,244434.0,214090.0,770311.0
2020-07-20,1155338.0,201823.0,244624.0,216001.0,776212.0
2020-07-21,1193078.0,202345.0,244752.0,216596.0,782040.0
2020-07-22,1238798.0,202799.0,245032.0,217517.0,787890.0
2020-07-23,1288108.0,203368.0,245338.0,218753.0,793720.0
2020-07-24,1337024.0,204183.0,245590.0,219844.0,799499.0
2020-07-25,1385635.0,204964.0,245864.0,219928.0,805332.0
2020-07-26,1435616.0,205269.0,246118.0,219932.0,811073.0
2020-07-27,1480073.0,205609.0,246286.0,222420.0,816680.0
2020-07-28,1531669.0,206242.0,246488.0,222984.0,822060.0
2020-07-29,1581963.0,206926.0,246776.0,224454.0,827509.0
2020-07-30,1634746.0,207828.0,247158.0,225848.0,832993.0
2020-07-31,1695988.0,208698.0,247537.0,227151.0,838461.0
2020-08-01,1750723.0,209653.0,247832.0,227213.0,843890.0
2020-08-02,1803695.0,209893.0,248070.0,227216.0,849277.0
2020-08-03,1855745.0,210402.0,248229.0,230577.0,854641.0
2020-08-04,1908254.0,211281.0,248419.0,231546.0,859762.0
2020-08-05,1964536.0,212022.0,248803.0,233254.0,864948.0
2020-08-06,2027074.0,213067.0,249204.0,234855.0,870187.0
2020-08-07,2088611.0,214214.0,249756.0,237237.0,875378.0
2020-08-08,2153010.0,215336.0,250103.0,237306.0,880563.0
2020-08-09,2215074.0,215891.0,250566.0,237312.0,885718.0
2020-08-10,2268675.0,216327.0,250825.0,242029.0,890799.0
2020-08-11,2329638.0,217293.0,251237.0,243437.0,895691.0
2020-08-12,2396637.0,218519.0,251713.0,246014.0,900745.0
2020-08-13,2461190.0,219964.0,252235.0,248684.0,905762.0
2020-08-14,2525922.0,221413.0,252809.0,251571.0,910778.0
2020-08-15,2589952.0,222828.0,253438.0,254781.0,915808.0
2020-08-16,2647663.0,223453.0,253915.0,257801.0,920719.0
2020-08-17,2702681.0,224014.0,254235.0,258391.0,925558.0
2020-08-18,2767253.0,225404.0,254636.0,260509.0,930276.0
2020-08-19,2836925.0,226914.0,255278.0,264296.0,935066.0
2020-08-20,2905825.0,228621.0,256118.0,269096.0,939833.0
2020-08-21,2975701.0,230048.0,257065.0,274050.0,944671.0
2020-08-22,3044940.0,232082.0,258136.0,277524.0,949531.0
2020-08-23,3106348.0,232864.0,259345.0,282259.0,954328.0
2020-08-24,3167323.0,233575.0,260298.0,284235.0,959016.0
2020-08-25,3224547.0,234853.0,261174.0,287667.0,963655.0
2020-08-26,3310234.0,236429.0,262540.0,287911.0,968297.0
2020-08-27,3387500.0,237936.0,263949.0,299137.0,972972.0
2020-08-28,3463972.0,239507.0,265409.0,306695.0,977730.0
2020-08-29,3542733.0,240986.0,266853.0,312155.0,982573.0
2020-08-30,3621245.0,241771.0,268218.0,317537.0,987470.0
2020-08-31,3691166.0,242381.0,269214.0,320559.0,992402.0
2020-09-01,3769523.0,243599.0,270189.0,325663.0,997072.0
2020-09-02,3853406.0,244855.0,271515.0,332701.0,1001965.0
2020-09-03,3936747.0,246166.0,272912.0,339820.0,1006923.0
2020-09-04,4023179.0,247619.0,274644.0,348608.0,1011987.0
2020-09-05,4113811.0,248997.0,276338.0,357202.0,1017131.0
2020-09-06,4204613.0,249985.0,277634.0,364217.0,1022228.0
2020-09-07,4280422.0,250799.0,278784.0,368401.0,1027334.0
2020-09-08,4370128.0,252298.0,280153.0,375139.0,1032354.0
2020-09-09,4465863.0,253474.0,281583.0,383716.0,1037526.0
2020-09-10,4562414.0,255366.0,283180.0,393415.0,1042836.0
2020-09-11,4659984.0,256850.0,284796.0,402848.0,1048257.0
2020-09-12,4754356.0,258480.0,286297.0,414184.0,1053663.0
2020-09-13,4846427.0,259428.0,287753.0,420529.0,1059024.0
2020-09-14,4930236.0,260355.0,288761.0,426703.0,1064438.0
2020-09-15,5020359.0,261762.0,289990.0,434529.0,1069873.0
2020-09-16,5118253.0,263663.0,291442.0,444796.0,1075485.0
2020-09-17,5214677.0,265857.0,293025.0,455035.0,1081152.0
2020-09-18,5308014.0,267773.0,294932.0,468256.0,1086955.0
2020-09-19,5400619.0,270070.0,296569.0,481656.0,1092915.0
2020-09-20,5487580.0,271415.0,298156.0,492192.0,1098958.0
2020-09-21,5562663.0,272337.0,299506.0,497731.0,1105048.0
2020-09-22,5646010.0,274158.0,300897.0,507692.0,1111157.0
2020-09-23,5732518.0,275927.0,302537.0,520848.0,1117487.0
2020-09-24,5818570.0,278070.0,304323.0,536753.0,1123976.0
2020-09-25,5903932.0,280223.0,306235.0,552747.0,1131088.0
2020-09-26,5992532.0,282730.0,308104.0,566966.0,1138509.0
2020-09-27,6074702.0,284140.0,309870.0,577601.0,1146273.0
2020-09-28,6145291.0,285332.0,311364.0,581900.0,1154299.0
2020-09-29,6225763.0,287421.0,313011.0,589756.0,1162428.0
2020-09-30,6312584.0,289219.0,314861.0,603998.0,1170799.0
2020-10-01,6394068.0,291722.0,317409.0,617023.0,1179634.0
2020-10-02,6473544.0,294395.0,319908.0,629347.0,1188928.0
2020-10-03,6549373.0,296958.0,322751.0,645861.0,1198663.0
2020-10-04,6623815.0,299237.0,325329.0,658365.0,1209039.0
2020-10-05,6685082.0,300619.0,327586.0,663740.0,1219796.0
2020-10-06,6757131.0,303258.0,330263.0,675050.0,1231277.0
2020-10-07,6835655.0,306086.0,333940.0,693873.0,1242258.0
2020-10-08,6906151.0,310144.0,338398.0,711213.0,1253603.0
2020-10-09,6979423.0,314660.0,343770.0,731910.0,1265572.0
2020-10-10,7053806.0,319381.0,349494.0,758587.0,1278245.0
2020-10-11,7120538.0,322864.0,354950.0,774581.0,1291687.0
2020-10-12,7175880.0,325331.0,359569.0,783296.0,1305093.0
2020-10-13,7239389.0,329453.0,365467.0,796922.0,1318783.0
2020-10-14,7307097.0,334585.0,372799.0,819565.0,1332824.0
2020-10-15,7370468.0,341223.0,381602.0,849322.0,1346380.0
2020-10-16,7432680.0,348557.0,391611.0,874732.0,1361317.0
2020-10-17,7494551.0,356387.0,402536.0,906871.0,1376020.0
2020-10-18,7550273.0,361974.0,414241.0,936708.0,1390824.0
2020-10-19,7597063.0,366299.0,423578.0,950246.0,1406667.0
2020-10-20,7651107.0,373167.0,434449.0,970622.0,1422775.0
2020-10-21,7706946.0,380762.0,449648.0,997419.0,1438219.0
2020-10-22,7761312.0,392049.0,465726.0,1038232.0,1453923.0
2020-10-23,7814682.0,403291.0,484869.0,1080445.0,1471000.0
2020-10-24,7864811.0,418005.0,504509.0,1125710.0,1487260.0
2020-10-25,7909959.0,429181.0,525782.0,1132264.0,1503652.0
2020-10-26,7946429.0,437866.0,542789.0,1204702.0,1520800.0
2020-10-27,7990322.0,449275.0,564778.0,1239160.0,1537142.0
2020-10-28,8040203.0,464239.0,589766.0,1275879.0,1553028.0
2020-10-29,8088851.0,481013.0,616595.0,1322515.0,1570446.0
2020-10-30,8137119.0,499694.0,647674.0,1371988.0,1588433.0
2020-10-31,8184082.0,518753.0,679430.0,1407089.0,1606267.0
2020-11-01,8229313.0,532930.0,709335.0,1453268.0,1624648.0
2020-11-02,8267623.0,545027.0,731588.0,1557975.0,1642665.0
2020-11-03,8313876.0,560379.0,759829.0,1630273.0,1661096.0
2020-11-04,8364086.0,577593.0,790377.0,1583814.0,1680579.0
2020-11-05,8411724.0,597583.0,824879.0,1641166.0,1699695.0
2020-11-06,8462080.0,619089.0,862681.0,1701877.0,1720063.0
2020-11-07,8507754.0,642488.0,902490.0,1788532.0,1740172.0
2020-11-08,8553657.0,658505.0,935104.0,1827094.0,1760420.0
2020-11-09,8591730.0,671868.0,960373.0,1847833.0,1781997.0
2020-11-10,8636011.0,687200.0,995463.0,1870155.0,1802762.0
2020-11-11,8683916.0,705687.0,1028424.0,1906216.0,1822345.0
2020-11-12,8728795.0,727553.0,1066401.0,1938604.0,1843678.0
2020-11-13,8773479.0,751095.0,1107303.0,1962518.0,1865395.0
2020-11-14,8814579.0,773556.0,1144552.0,1994475.0,1887836.0
2020-11-15,8845127.0,790503.0,1178529.0,2021667.0,1910149.0
2020-11-16,8874290.0,801327.0,1205881.0,2031302.0,1932711.0
2020-11-17,8912907.0,815746.0,1238072.0,2076663.0,1954912.0
2020-11-18,8958483.0,833307.0,1272352.0,2105282.0,1975629.0
2020-11-19,9004365.0,855916.0,1308528.0,2125842.0,1998966.0
2020-11-20,9050597.0,879564.0,1345767.0,2148944.0,2023025.0
2020-11-21,9095806.0,902528.0,1380531.0,2166612.0,2047563.0
2020-11-22,9139865.0,918269.0,1408868.0,2179742.0,2071858.0
2020-11-23,9177840.0,929133.0,1431795.0,2184496.0,2096749.0
2020-11-24,9222216.0,942687.0,1455022.0,2194186.0,2120836.0
2020-11-25,9266705.0,961320.0,1480874.0,2210674.0,2144229.0
2020-11-26,9309787.0,983588.0,1509875.0,2223575.0,2169424.0
2020-11-27,9351109.0,1006394.0,1538217.0,2236136.0,2196691.0
2020-11-28,9392919.0,1028089.0,1564532.0,2248613.0,2223500.0
2020-11-29,9431691.0,1042700.0,1585178.0,2258376.0,2249890.0
2020-11-30,9462809.0,1053869.0,1601554.0,2262406.0,2275936.0
2020-12-01,9499413.0,1067473.0,1620901.0,2270662.0,2302062.0
2020-12-02,9534964.0,1084743.0,1641610.0,2284733.0,2327105.0
2020-12-03,9571559.0,1106789.0,1664829.0,2297338.0,2354934.0
2020-12-04,9608211.0,1130238.0,1688939.0,2308638.0,2382012.0
2020-12-05,9644222.0,1153556.0,1709991.0,2321520.0,2410462.0
2020-12-06,9677203.0,1171323.0,1728878.0,2332469.0,2439163.0
2020-12-07,9703770.0,1183655.0,1742557.0,2335880.0,2466961.0
2020-12-08,9735850.0,1197709.0,1757394.0,2349699.0,2492713.0
2020-12-09,9767371.0,1218524.0,1770149.0,2364294.0,2518551.0
2020-12-10,9796744.0,1242203.0,1787147.0,2378044.0,2546113.0
2020-12-11,9826775.0,1272078.0,1805873.0,2391450.0,2574319.0
2020-12-12,9857029.0,1300516.0,1825775.0,2405397.0,2602048.0
2020-12-13,9884100.0,1320716.0,1843712.0,2416930.0,2629699.0
2020-12-14,9906165.0,1337078.0,1855737.0,2419993.0,2656601.0
2020-12-15,9932547.0,1351510.0,1870576.0,2431594.0,2682866.0
2020-12-16,9956557.0,1379238.0,1888144.0,2449209.0,2708940.0
2020-12-17,9979447.0,1406161.0,1906377.0,2467463.0,2736727.0
2020-12-18,10004599.0,1439938.0,1921778.0,2483274.0,2764843.0
2020-12-19,10031223.0,1471238.0,1938083.0,2500702.0,2792615.0
2020-12-20,10055560.0,1494009.0,1953185.0,2513560.0,2821125.0
2020-12-21,10075116.0,1510652.0,1964054.0,2519357.0,2850042.0
2020-12-22,10099066.0,1530180.0,1977370.0,2531152.0,2878382.0
2020-12-23,10123778.0,1554920.0,1991278.0,2546081.0,2905196.0
2020-12-24,10146845.0,1587115.0,2009317.0,2567715.0,2934695.0
2020-12-25,10169118.0,1612648.0,2028354.0,2587977.0,2963290.0
2020-12-26,10187850.0,1627103.0,2038759.0,2591070.0,2992123.0
2020-12-27,10207871.0,1640858.0,2047696.0,2599937.0,3019972.0
2020-12-28,10224303.0,1651834.0,2056277.0,2602897.0,3047335.0
2020-12-29,10244852.0,1664726.0,2067487.0,2614292.0,3073923.0
2020-12-30,10266674.0,1687185.0,2083689.0,2640749.0,3100018.0
2020-12-31,10286709.0,1719737.0,2107166.0,2660676.0,3127347.0
2021-01-01,10305788.0,1742661.0,2129376.0,2680034.0,3153960.0
2021-01-02,10323965.0,1755351.0,2141201.0,2683500.0,3179898.0
2021-01-03,10340469.0,1765666.0,2155446.0,2695989.0,3203743.0
2021-01-04,10356844.0,1775513.0,2166244.0,2700011.0,3226758.0
2021-01-05,10374932.0,1787410.0,2181619.0,2720744.0,3250713.0
2021-01-06,10395278.0,1808647.0,2201945.0,2745887.0,3274615.0
2021-01-07,10413417.0,1835038.0,2220361.0,2767590.0,3297833.0
2021-01-08,10413417.0,1866887.0,2237890.0,2787404.0,3321163.0
2021-01-09,10450284.0,1891581.0,2257866.0,2807581.0,3344175.0
2021-01-10,10466595.0,1908527.0,2276491.0,2823525.0,3366715.0
2021-01-11,10479179.0,1921024.0,2289021.0,2827242.0,3389733.0
2021-01-12,10495147.0,1933826.0,2303263.0,2846936.0,3412390.0
2021-01-13,10512093.0,1953426.0,2319036.0,2870788.0,3434934.0
2021-01-14,10527683.0,1978590.0,2336279.0,2892016.0,3459237.0
2021-01-15,10542841.0,2000958.0,2352423.0,2913287.0,3483531.0
2021-01-16,10557985.0,2019636.0,2368733.0,2934693.0,3507201.0
2021-01-17,10571773.0,2033518.0,2381277.0,2951335.0,3530379.0
2021-01-18,10581823.0,2040659.0,2390102.0,2955071.0,3552888.0
2021-01-19,10595639.0,2052028.0,2400598.0,2979094.0,3574330.0
2021-01-20,10610883.0,2068002.0,2414166.0,3005852.0,3595136.0
2021-01-21,10625428.0,2088400.0,2428221.0,3028439.0,3616680.0
2021-01-22,10639684.0,2106262.0,2441854.0,3051731.0,3637862.0
2021-01-23,10654533.0,2122679.0,2455185.0,3075824.0,3658447.0
2021-01-24,10667736.0,2134936.0,2466813.0,3094260.0,3679247.0
2021-01-25,10676838.0,2141665.0,2475372.0,3098500.0,3698246.0
2021-01-26,10689527.0,2148077.0,2485956.0,3120586.0,3716228.0
2021-01-27,10701193.0,2161275.0,2501147.0,3147502.0,3733692.0
2021-01-28,10720048.0,2178828.0,2515507.0,3171272.0,3752548.0
2021-01-29,10733130.0,2192850.0,2529070.0,3194477.0,3771514.0
2021-01-30,10746174.0,2205171.0,2541783.0,3218522.0,3790265.0
2021-01-31,10757610.0,2216363.0,2553032.0,3237858.0,3808348.0
2021-02-01,10766245.0,2221971.0,2560957.0,3242205.0,3825739.0
2021-02-02,10777284.0,2228085.0,2570608.0,3265542.0,3842145.0
2021-02-03,10790183.0,2237790.0,2583790.0,3291904.0,3858367.0
2021-02-04,10802591.0,2252001.0,2597446.0,3291904.0,3874830.0
2021-02-05,10814304.0,2264909.0,2611659.0,3337491.0,3891274.0
2021-02-06,10826363.0,2275394.0,2625098.0,3358077.0,3907653.0
2021-02-07,10838194.0,2284010.0,2636738.0,3377792.0,3923461.0
2021-02-08,10847304.0,2288545.0,2644707.0,3382109.0,3939162.0
2021-02-09,10858371.0,2291924.0,2655319.0,3401113.0,3953970.0
2021-02-10,10871294.0,2299996.0,2668266.0,3426500.0,3968228.0
2021-02-11,10880603.0,2310233.0,2683403.0,3447563.0,3983031.0
2021-02-12,10892746.0,2320093.0,2697296.0,3468264.0,3997898.0
2021-02-13,10904940.0,2328447.0,2710819.0,3489495.0,4012538.0
2021-02-14,10916589.0,2334561.0,2721879.0,3506170.0,4026506.0
2021-02-15,10925710.0,2338987.0,2729223.0,3510546.0,4040505.0
2021-02-16,10937320.0,2342843.0,2739591.0,3530136.0,4053535.0
2021-02-17,10950201.0,2350399.0,2751657.0,3555154.0,4066164.0
2021-02-18,10963394.0,2360606.0,2765412.0,3577655.0,4079407.0
2021-02-19,10977387.0,2369719.0,2780882.0,3601771.0,4092649.0
2021-02-20,10991651.0,2378883.0,2795796.0,3624142.0,4105424.0
2021-02-21,11005850.0,2386559.0,2809246.0,3646188.0,4117992.0
2021-02-22,11016434.0,2390928.0,2818863.0,3650834.0,4130447.0
2021-02-23,11030176.0,2394811.0,2832162.0,3671019.0,4142126.0
2021-02-24,11046914.0,2402818.0,2848564.0,3702538.0,4153735.0
2021-02-25,11063491.0,2414687.0,2868435.0,3727941.0,4164802.0
2021-02-26,11079979.0,2424684.0,2888923.0,3753148.0,4175757.0
2021-02-27,11096731.0,2434446.0,2907825.0,3777258.0,4187166.0
2021-02-28,11112241.0,2442336.0,2925265.0,3797210.0,4198400.0
2021-03-01,11124527.0,2447068.0,2938371.0,3801913.0,4209850.0
2021-03-02,11139516.0,2451011.0,2955434.0,3824770.0,4220291.0
2021-03-03,11156923.0,2460030.0,2976274.0,3851558.0,4230707.0
2021-03-04,11173761.0,2471942.0,2999119.0,3876837.0,4241970.0
2021-03-05,11192045.0,2482522.0,3023129.0,3900344.0,4252876.0
2021-03-06,11210799.0,2492079.0,3046762.0,3923736.0,4263785.0
2021-03-07,11229398.0,2500182.0,3067486.0,3945561.0,4274263.0
2021-03-08,11244786.0,2505193.0,3081368.0,3951063.0,4284408.0
2021-03-09,11262707.0,2509445.0,3101093.0,3974190.0,4293750.0
2021-03-10,11285561.0,2518591.0,3123368.0,4003817.0,4302726.0
2021-03-11,11308846.0,2532947.0,3149017.0,4031850.0,4311893.0
2021-03-12,11333728.0,2545781.0,3175807.0,4056888.0,4321588.0
2021-03-13,11359048.0,2558455.0,3201838.0,4086647.0,4331396.0
2021-03-14,11385339.0,2569245.0,3223142.0,4113075.0,4341381.0
2021-03-15,11409831.0,2575849.0,3238394.0,4119519.0,4350728.0
2021-03-16,11438734.0,2581329.0,3258770.0,4149521.0,4360033.0
2021-03-17,11474605.0,2594764.0,3281810.0,4187989.0,4368943.0
2021-03-18,11514331.0,2612268.0,3306711.0,4223020.0,4378656.0
2021-03-19,11555284.0,2629750.0,3332418.0,4258108.0,4388268.0
2021-03-20,11599130.0,2645783.0,3356331.0,4293435.0,4397816.0
2021-03-21,11646081.0,2659516.0,3376376.0,4324088.0,4407031.0
2021-03-22,11686796.0,2667225.0,3400877.0,4339880.0,4416226.0
2021-03-23,11734058.0,2674710.0,3419616.0,4354558.0,4424595.0
2021-03-24,11787534.0,2690523.0,3440862.0,4419931.0,4433364.0
2021-03-25,11846652.0,2713180.0,3464543.0,4465572.0,4442492.0
2021-03-26,11908910.0,2734753.0,3488619.0,4507441.0,4451565.0
2021-03-27,11971624.0,2755225.0,3512453.0,4550060.0,4460348.0
2021-03-28,12039644.0,2772401.0,3532057.0,4587179.0,4469327.0
2021-03-29,12095855.0,2782273.0,3544957.0,4596273.0,4477916.0
2021-03-30,12149335.0,2791822.0,3561012.0,4626975.0,4486078.0
2021-03-31,12221665.0,2808873.0,3584899.0,4686013.0,4494234.0
2021-04-01,12303131.0,2833173.0,3607083.0,4736672.0,4503291.0
2021-04-02,12392260.0,2855061.0,3629000.0,4783349.0,4511973.0
2021-04-03,12485509.0,2873190.0,3650247.0,4783514.0,4520879.0
2021-04-04,12589067.0,2885386.0,3668264.0,4864143.0,4529576.0
2021-04-05,12686049.0,2893883.0,3678944.0,4874936.0,4538101.0
2021-04-06,12801785.0,2900768.0,3686707.0,4882981.0,4546307.0
2021-04-07,12928574.0,2910445.0,3700393.0,4883903.0,4554481.0
2021-04-08,13060542.0,2930852.0,3717602.0,4980931.0,4563026.0
2021-04-09,13205926.0,2956316.0,3736526.0,4981084.0,4572053.0
2021-04-10,13358805.0,2980413.0,3754077.0,4982487.0,4580633.0
2021-04-11,13527717.0,2998268.0,3769814.0,5100387.0,4589209.0
2021-04-12,13689453.0,3011513.0,3779594.0,5108923.0,4597400.0
2021-04-13,13873825.0,3022323.0,3793033.0,5148036.0,4605444.0
2021-04-14,14074564.0,3044016.0,3809193.0,5191541.0,4613646.0
2021-04-15,14291917.0,3073442.0,3826156.0,5229586.0,4622464.0
2021-04-16,14526609.0,3099273.0,3842079.0,5266028.0,4631336.0
2021-04-17,14788003.0,3123077.0,3857443.0,5301889.0,4640537.0
2021-04-18,15061805.0,3142262.0,3870131.0,5331266.0,4649044.0
2021-04-19,15320972.0,3153699.0,3878994.0,5337962.0,4657509.0
2021-04-20,15616130.0,3163308.0,3891063.0,5382025.0,4665553.0
2021-04-21,15930774.0,3188192.0,3904899.0,5416946.0,4673699.0
2021-04-22,16263695.0,3217710.0,3920945.0,5450346.0,4682573.0
2021-04-23,16610481.0,3245253.0,3935703.0,5482686.0,4691290.0
2021-04-24,16960172.0,3268645.0,3949517.0,5515319.0,4699988.0
2021-04-25,17313163.0,3287418.0,3962674.0,5539824.0,4708640.0
2021-04-26,17636186.0,3299325.0,3971114.0,5545776.0,4717321.0
2021-04-27,17997113.0,3310301.0,3981512.0,5576093.0,4725252.0
2021-04-28,18376421.0,3332532.0,3994894.0,5607632.0,4732981.0
2021-04-29,18762976.0,3357268.0,4009208.0,5634170.0,4742142.0
2021-04-30,19164969.0,3381597.0,4022653.0,5658469.0,4750755.0
2021-05-01,19557457.0,3400532.0,4035617.0,5684139.0,4759902.0
2021-05-02,19925517.0,3416822.0,4044762.0,5694060.0,4768476.0
2021-05-03,20282833.0,3425982.0,4050708.0,5697820.0,4776844.0
2021-05-04,20664979.0,3433516.0,4059821.0,5722191.0,4784497.0
2021-05-05,21077410.0,3451550.0,4070400.0,5748191.0,4792354.0
2021-05-06,21491598.0,3473503.0,4082198.0,5769903.0,4799872.0
2021-05-07,21892676.0,3491988.0,4092747.0,5789027.0,4808133.0
2021-05-08,22296081.0,3507673.0,4102921.0,5809806.0,4816331.0
2021-05-09,22662575.0,3520329.0,4111210.0,5818934.0,4824621.0
2021-05-10,22992517.0,3527251.0,4116287.0,5822226.0,4832959.0
2021-05-11,23340938.0,3533376.0,4123230.0,5842017.0,4840948.0
2021-05-12,23703665.0,3548285.0,4131078.0,5863515.0,4849044.0
2021-05-13,24046809.0,3565704.0,4139160.0,5882976.0,4857303.0
2021-05-14,24372907.0,3577040.0,4146722.0,5890001.0,4866641.0
2021-05-15,24684077.0,3584934.0,4153374.0,5905686.0,4875308.0
2021-05-16,24965463.0,3593434.0,4159122.0,5919712.0,4883734.0
2021-05-17,25228996.0,3598846.0,4162576.0,5923062.0,4892938.0
2021-05-18,25496330.0,3603055.0,4167025.0,5940272.0,4900995.0
2021-05-19,25772440.0,3614095.0,4172525.0,5959322.0,4908794.0
2021-05-20,26031991.0,3626393.0,4178261.0,5610476.0,4917906.0
2021-05-21,26289290.0,3635162.0,4183476.0,5623276.0,4926717.0
2021-05-22,26530132.0,3642244.0,4188190.0,5635887.0,4935302.0
2021-05-23,26752447.0,3648958.0,4192183.0,5645653.0,4944129.0
2021-05-24,26948874.0,3651640.0,4194672.0,5647882.0,4952412.0
2021-05-25,27157795.0,3653551.0,4197892.0,5651037.0,4960174.0
2021-05-26,27369093.0,3656177.0,4201827.0,5663683.0,4968421.0
2021-05-27,27555457.0,3662490.0,4205970.0,5677616.0,4977332.0
2021-05-28,27729247.0,3669870.0,4209707.0,5688884.0,4986458.0
2021-05-29,27894800.0,3675296.0,4213055.0,5700410.0,4995613.0
2021-05-30,28047534.0,3679148.0,4216003.0,5709072.0,5005171.0
2021-05-31,28175044.0,3681126.0,4217821.0,5709432.0,5013512.0
2021-06-01,28307832.0,3682911.0,4220304.0,5719280.0,5022881.0
2021-06-02,28441986.0,3687828.0,4223200.0,5720630.0,5031583.0
2021-06-03,28574350.0,3692468.0,4225163.0,5736184.0,5040390.0
2021-06-04,28694879.0,3695633.0,4227719.0,5743137.0,5049210.0
2021-06-05,28809339.0,3697927.0,4230153.0,5749791.0,5058221.0
2021-06-06,28909975.0,3700367.0,4232428.0,5754971.0,5067246.0
2021-06-07,28996473.0,3701484.0,4233698.0,5756135.0,5076543.0
2021-06-08,29089069.0,3702688.0,4235592.0,5762153.0,5086386.0
2021-06-09,29182532.0,3705942.0,4237790.0,5767710.0,5096657.0
2021-06-10,29274823.0,3709129.0,4239868.0,5772185.0,5108217.0
2021-06-11,29359155.0,3711569.0,4241760.0,5776056.0,5120578.0
2021-06-12,29439989.0,3713480.0,4243482.0,5780028.0,5133938.0
2021-06-13,29510410.0,3714969.0,4244872.0,5783001.0,5148499.0
2021-06-14,29570881.0,3715518.0,4245779.0,5783690.0,5162049.0
2021-06-15,29633105.0,3716170.0,4247032.0,5786925.0,5176051.0
2021-06-16,29700313.0,3717625.0,4248432.0,5789983.0,5189260.0
2021-06-17,29762793.0,3718955.0,4249755.0,5792027.0,5203117.0
2021-06-18,29823546.0,3720031.0,4250902.0,5795208.0,5220168.0
2021-06-19,29881772.0,3721139.0,4252095.0,5797832.0,5237847.0
2021-06-20,29935221.0,3721981.0,4252976.0,5799741.0,5255214.0
2021-06-21,29977861.0,3722327.0,4253460.0,5800228.0,5272328.0
2021-06-22,30028709.0,3722782.0,4254294.0,5802432.0,5288766.0
2021-06-23,30082778.0,3723798.0,4255434.0,5804752.0,5306069.0
2021-06-24,30134445.0,3724806.0,4255700.0,5806759.0,5325940.0
2021-06-25,30183143.0,3725580.0,4256451.0,5808745.0,5346005.0
2021-06-26,30233183.0,3726172.0,4257289.0,5810873.0,5367317.0
2021-06-27,30279331.0,3726710.0,4258069.0,5812507.0,5387486.0
2021-06-28,30316897.0,3726929.0,4258456.0,5813016.0,5408744.0
2021-06-29,30362848.0,3727333.0,4259133.0,5816411.0,5428961.0
2021-06-30,30411634.0,3728141.0,4259909.0,5817787.0,5449594.0
2021-07-01,30458251.0,3729033.0,4260788.0,5820451.0,5472722.0
2021-07-02,30502362.0,3729682.0,4261582.0,5823134.0,5495513.0
2021-07-03,30545433.0,3730353.0,4262511.0,5826140.0,5519516.0
2021-07-04,30585229.0,3730912.0,4263317.0,5828745.0,5544209.0
2021-07-05,30619932.0,3731124.0,4263797.0,5829541.0,5568104.0
2021-07-06,30663665.0,3731564.0,4264704.0,5833126.0,5591030.0
2021-07-07,30709557.0,3732549.0,4265714.0,5837207.0,5614540.0
2021-07-08,30752950.0,3733519.0,4267105.0,5841649.0,5638901.0
2021-07-09,30795716.0,3734468.0,4268491.0,5846229.0,5664200.0
2021-07-10,30837222.0,3735420.0,4269885.0,5850925.0,5688807.0
2021-07-11,30874376.0,3736165.0,4271276.0,5855239.0,5713351.0
2021-07-12,30907282.0,3736489.0,4272163.0,5856499.0,5738000.0
2021-07-13,30946147.0,3737135.0,4273693.0,5863449.0,5762211.0
2021-07-14,30987880.0,3738683.0,4275846.0,5864899.0,5785542.0
2021-07-15,31026829.0,3740325.0,4278319.0,5875941.0,5810335.0
2021-07-16,31064908.0,3741781.0,4281214.0,5886849.0,5835523.0
2021-07-17,31106065.0,3743389.0,4284332.0,5897854.0,5860113.0
2021-07-18,31144229.0,3744681.0,4287458.0,5910386.0,5884593.0
2021-07-19,31174322.0,3745227.0,4289528.0,5914537.0,5908691.0
2021-07-20,31216337.0,3746410.0,4293083.0,5932718.0,5931925.0
2021-07-21,31257720.0,3748613.0,4297337.0,5954257.0,5955089.0
2021-07-22,31293062.0,3750503.0,4302393.0,5976318.0,5979027.0
2021-07-23,31332159.0,3752592.0,4307535.0,5995727.0,6002303.0
2021-07-24,31371901.0,3754511.0,4312673.0,6021415.0,6025698.0
2021-07-25,31411262.0,3755898.0,4317415.0,6036657.0,6049215.0
2021-07-26,31440951.0,3756856.0,4320530.0,6041964.0,6071893.0
2021-07-27,31484605.0,3758401.0,4325046.0,6068988.0,6094379.0
2021-07-28,31528114.0,3761169.0,4330739.0,6096769.0,6116249.0
2021-07-29,31572344.0,3764311.0,4336906.0,6121959.0,6138969.0
2021-07-30,31613993.0,3766765.0,4343519.0,6146268.0,6161985.0
2021-07-31,31655824.0,3769165.0,4350028.0,6169957.0,6185249.0
2021-08-01,31695958.0,3771262.0,4355348.0,6189671.0,6207513.0
2021-08-02,31726507.0,3772109.0,4358533.0,6197831.0,6230482.0
2021-08-03,31769132.0,3773875.0,4363374.0,6221750.0,6251953.0
2021-08-04,31812114.0,3777446.0,4369964.0,6250534.0,6274006.0
2021-08-05,31856757.0,3780985.0,4377188.0,6276994.0,6296570.0
2021-08-06,31895385.0,3784433.0,4383787.0,6302071.0,6318643.0
2021-08-07,31934455.0,3787639.0,4390684.0,6327928.0,6340370.0
2021-08-08,31969954.0,3790766.0,4396417.0,6348388.0,6362641.0
2021-08-09,31998158.0,3791949.0,4400617.0,6354163.0,6384195.0
2021-08-10,32036511.0,3794429.0,4406241.0,6381978.0,6404960.0
2021-08-11,32077706.0,3799425.0,4413162.0,6413830.0,6425918.0
2021-08-12,32117826.0,3805063.0,4420429.0,6442384.0,6447229.0
2021-08-13,32156493.0,3810641.0,4427827.0,6468837.0,6468890.0
2021-08-14,32192576.0,3816285.0,4435008.0,6493264.0,6490421.0
2021-08-15,32225513.0,3821013.0,4440669.0,6514533.0,6511431.0
2021-08-16,32250679.0,3823139.0,4444338.0,6525719.0,6531585.0
2021-08-17,32285857.0,3827051.0,4449606.0,6548678.0,6551934.0
2021-08-18,32322258.0,3835375.0,4456765.0,6577083.0,6572246.0
2021-08-19,32358829.0,3843775.0,4464005.0,6601056.0,6592705.0
2021-08-20,32393286.0,3853055.0,4471225.0,6623375.0,6613107.0
2021-08-21,32424234.0,3861147.0,4478691.0,6646087.0,6633521.0
2021-08-22,32449306.0,3868197.0,4484613.0,6663387.0,6653498.0
2021-08-23,32474773.0,3871865.0,4488779.0,6668553.0,6672373.0
2021-08-24,32512366.0,3877612.0,4494857.0,6693406.0,6690633.0
2021-08-25,32558530.0,3889173.0,4502396.0,6717112.0,6709605.0
2021-08-26,32603188.0,3901799.0,4509611.0,6736795.0,6728699.0
2021-08-27,32649947.0,3913828.0,4517434.0,6737252.0,6747681.0
2021-08-28,32695030.0,3924131.0,4524292.0,6772882.0,6766667.0
2021-08-29,32737939.0,3932547.0,4530246.0,6786512.0,6785465.0
2021-08-30,32768880.0,3937106.0,4534499.0,6794200.0,6803323.0
2021-08-31,32810845.0,3942856.0,4539991.0,6794224.0,6820697.0
2021-09-01,32857937.0,3956387.0,4546487.0,6827353.0,6838652.0
2021-09-02,32903289.0,3970102.0,4553241.0,6841506.0,6857243.0
2021-09-03,32945907.0,3984353.0,4559970.0,6856730.0,6875713.0
2021-09-04,32988673.0,3995188.0,4566126.0,6870066.0,6894113.0
2021-09-05,33027621.0,4005641.0,4571440.0,6880476.0,6912375.0
2021-09-06,33058843.0,4010390.0,4574787.0,6883526.0,6929862.0
2021-09-07,33096718.0,4017116.0,4579502.0,6898060.0,6946922.0
2021-09-08,33139981.0,4030681.0,4585423.0,6903982.0,6964595.0
2021-09-09,33174954.0,4046112.0,4590941.0,6922052.0,6982628.0
2021-09-10,33208330.0,4059081.0,4596558.0,6932018.0,7000636.0
2021-09-11,33236921.0,4070295.0,4601749.0,6941619.0,7019200.0
2021-09-12,33264175.0,4077640.0,4606413.0,6949298.0,7037435.0
2021-09-13,33289579.0,4083151.0,4609205.0,6951360.0,7055296.0
2021-09-14,33316755.0,4089476.0,4613214.0,6965425.0,7072825.0
2021-09-15,33347325.0,4101931.0,4618040.0,6965808.0,7091368.0
2021-09-16,33381728.0,4114856.0,4623155.0,6979080.0,7110656.0
2021-09-17,33417390.0,4125878.0,4627699.0,6986453.0,7130245.0
2021-09-18,33448163.0,4134779.0,4632275.0,6993867.0,7150244.0
2021-09-19,33478419.0,4142116.0,4636111.0,6999681.0,7170069.0
2021-09-20,33504534.0,4145852.0,4638516.0,7001156.0,7189445.0
2021-09-21,33531498.0,4150516.0,4641890.0,7009139.0,7208241.0
2021-09-22,33563421.0,4160970.0,4645853.0,7015933.0,7227549.0
2021-09-23,33594803.0,4171666.0,4649906.0,7022162.0,7248572.0
2021-09-24,33624419.0,4181393.0,4653696.0,7028837.0,7269514.0
2021-09-25,33652745.0,4188604.0,4657215.0,7034053.0,7291097.0
2021-09-26,33678786.0,4196378.0,4660314.0,7038759.0,7313112.0
2021-09-27,33697581.0,4199400.0,4662087.0,7040068.0,7334843.0
2021-09-28,33716451.0,4203571.0,4665049.0,7046833.0,7355883.0
2021-09-29,33739980.0,4215351.0,4668261.0,7052733.0,7377774.0
2021-09-30,33766707.0,4227501.0,4672355.0,7057937.0,7401104.0
2021-10-01,33791061.0,4237619.0,4675758.0,7062872.0,7425057.0
2021-10-02,33813903.0,4246136.0,4679067.0,7067820.0,7449689.0
2021-10-03,33834702.0,4252300.0,4682034.0,7071564.0,7474850.0
2021-10-04,33853048.0,4255388.0,4683646.0,7072702.0,7500000.0
2021-10-05,33871881.0,4260187.0,4686109.0,7078284.0,7524465.0
2021-10-06,33894312.0,4271734.0,4689341.0,7082854.0,7548944.0
2021-10-07,33915569.0,4283378.0,4692274.0,7087860.0,7575825.0
2021-10-08,33935309.0,4293807.0,4695291.0,7092330.0,7602386.0
2021-10-09,33953475.0,4302661.0,4698038.0,7097064.0,7631034.0
2021-10-10,33971607.0,4310273.0,4700316.0,7101055.0,7658923.0
2021-10-11,33985920.0,4313384.0,4701832.0,7102175.0,7687559.0
2021-10-12,34001743.0,4318355.0,4704318.0,7108055.0,7714973.0
2021-10-13,34020730.0,4330258.0,4707087.0,7109414.0,7742899.0
2021-10-14,34037592.0,4342640.0,4709753.0,7118888.0,7773388.0
2021-10-15,34053573.0,4354158.0,4712482.0,7124987.0,7804750.0
2021-10-16,34067719.0,4365107.0,4715464.0,7129886.0,7837101.0
2021-10-17,34081315.0,4373789.0,4717899.0,7133664.0,7870529.0
2021-10-18,34094373.0,4377845.0,4719493.0,7134721.0,7903963.0
2021-10-19,34108996.0,4384616.0,4722188.0,7140666.0,7936798.0
2021-10-20,34127450.0,4401631.0,4725887.0,7146702.0,7969960.0
2021-10-21,34143236.0,4417708.0,4729678.0,7152829.0,8005376.0
2021-10-22,34159562.0,4437280.0,4733557.0,7159195.0,8041581.0
2021-10-23,34175468.0,4452425.0,4737462.0,7165486.0,8078309.0
2021-10-24,34189774.0,4466157.0,4741185.0,7170491.0,8112999.0
2021-10-25,34202202.0,4472730.0,4743720.0,7171786.0,8149946.0
2021-10-26,34215653.0,4483203.0,4747773.0,7178421.0,8185400.0
2021-10-27,34231809.0,4506415.0,4752368.0,7185420.0,8220975.0
2021-10-28,34246157.0,4534452.0,4757231.0,7191410.0,8260045.0
2021-10-29,34260470.0,4559120.0,4762563.0,7197843.0,8298850.0
2021-10-30,34273300.0,4580663.0,4767440.0,7205203.0,8338053.0
2021-10-31,34285814.0,4597550.0,4771965.0,7211532.0,8377984.0
2021-11-01,34296237.0,4607208.0,4774783.0,7213398.0,8417305.0
2021-11-02,34308140.0,4618021.0,4777614.0,7215437.0,8455232.0
2021-11-03,34321025.0,4638419.0,4782802.0,7225667.0,8494589.0
2021-11-04,34333754.0,4672368.0,4788704.0,7235011.0,8533706.0
2021-11-05,34344683.0,4709488.0,4795465.0,7244009.0,8573323.0
2021-11-06,34355509.0,4743490.0,4802225.0,7253614.0,8613533.0
2021-11-07,34366987.0,4767033.0,4808047.0,7262161.0,8651561.0
2021-11-08,34377113.0,4782546.0,4812594.0,7264358.0,8689818.0
2021-11-09,34388579.0,4804378.0,4818705.0,7276869.0,8727817.0
2021-11-10,34401670.0,4844054.0,4826738.0,7288752.0,8764713.0
2021-11-11,34414186.0,4894250.0,4835435.0,7301355.0,8804297.0
2021-11-12,34426036.0,4942890.0,4843957.0,7305215.0,8843238.0
2021-11-13,34437307.0,4987971.0,4852496.0,7319861.0,8881306.0
2021-11-14,34447536.0,5021469.0,4860061.0,7332357.0,8918926.0
2021-11-15,34456401.0,5045076.0,4865260.0,7335616.0,8956136.0
2021-11-16,34466598.0,5077124.0,4873075.0,7355394.0,8991748.0
2021-11-17,34478517.0,5129950.0,4883242.0,7375688.0,9027163.0
2021-11-18,34489623.0,5195321.0,4893887.0,7396054.0,9063318.0
2021-11-19,34499925.0,5248291.0,4904441.0,7417274.0,9099253.0
2021-11-20,34510413.0,5312215.0,4915981.0,7439952.0,9135149.0
2021-11-21,34518901.0,5354942.0,4925688.0,7459701.0,9170898.0
2021-11-22,34526480.0,5385585.0,4932091.0,7464992.0,9205431.0
2021-11-23,34535763.0,5430911.0,4942135.0,7495446.0,9238330.0
2021-11-24,34544882.0,5497795.0,4954585.0,7528037.0,9270885.0
2021-11-25,34555431.0,5573756.0,4968341.0,7561501.0,9303751.0
2021-11-26,34563749.0,5650170.0,4982022.0,7595937.0,9337575.0
2021-11-27,34572523.0,5717295.0,4994891.0,7632994.0,9370694.0
2021-11-28,34580832.0,5761696.0,5007818.0,7664575.0,9403480.0
2021-11-29,34587822.0,5791060.0,5015790.0,7673082.0,9436650.0
2021-11-30,34596776.0,5836813.0,5028547.0,7720283.0,9468640.0
2021-12-01,34606541.0,5903999.0,5043620.0,7769893.0,9500836.0
2021-12-02,34615757.0,5977208.0,5060430.0,7818309.0,9533593.0
2021-12-03,34624360.0,6051560.0,5077445.0,7868167.0,9565909.0
2021-12-04,34624360.0,6116070.0,5094072.0,7919631.0,9598283.0
2021-12-05,34641561.0,6158125.0,5109082.0,7961784.0,9630296.0
2021-12-06,34648383.0,6185961.0,5118576.0,7973362.0,9661865.0
2021-12-07,34656822.0,6222020.0,5134318.0,8032381.0,9692411.0
2021-12-08,34666241.0,6291621.0,5152264.0,8093721.0,9722639.0
2021-12-09,34674643.0,6362232.0,5164780.0,8150575.0,9752340.0
2021-12-10,34682633.0,6423520.0,5185270.0,8205715.0,9782723.0
2021-12-11,34690510.0,6477217.0,5206305.0,8259634.0,9812538.0
2021-12-12,34697860.0,6509863.0,5225517.0,8303482.0,9842021.0
2021-12-13,34703644.0,6531606.0,5238221.0,8315546.0,9871229.0
2021-12-14,34710628.0,6562429.0,5258886.0,8378951.0,9899139.0
2021-12-15,34718602.0,6613730.0,5282076.0,8444664.0,9927150.0
2021-12-16,34726049.0,6670407.0,5308180.0,8505530.0,9955308.0
2021-12-17,34726049.0,6721375.0,5336795.0,8563658.0,9982735.0
2021-12-18,34733194.0,6764188.0,5364852.0,8622194.0,10009866.0
2021-12-19,34746838.0,6793536.0,5389155.0,8670667.0,10037546.0
2021-12-20,34752164.0,6809622.0,5405360.0,8685742.0,10064290.0
2021-12-21,34758481.0,6833050.0,5436143.0,8758599.0,10089945.0
2021-12-22,34765976.0,6878709.0,5472469.0,8842871.0,10114983.0
2021-12-23,34772626.0,6923636.0,5517054.0,8934479.0,10140429.0
2021-12-24,34779815.0,6959067.0,5567644.0,9028603.0,10164951.0
2021-12-25,34786802.0,6981281.0,5622431.0,9133214.0,10189722.0
2021-12-26,34793333.0,6991381.0,5647313.0,9160911.0,10213265.0
2021-12-27,34799691.0,7005289.0,5678112.0,9191370.0,10236301.0
2021-12-28,34808886.0,7026369.0,5756412.0,9371178.0,10258052.0
2021-12-29,34822040.0,7066412.0,5854428.0,9579277.0,10279009.0
2021-12-30,34838804.0,7109182.0,5981428.0,9785821.0,10299923.0
2021-12-31,34861579.0,7150422.0,6125683.0,10018021.0,10320405.0
2022-01-01,34889132.0,7176814.0,6266939.0,10237147.0,10340011.0
2022-01-02,34922882.0,7189329.0,6328076.0,10295579.0,10358099.0
2022-01-03,34960261.0,7207847.0,6396110.0,10363040.0,10374292.0
2022-01-04,35018358.0,7238408.0,6566947.0,10634786.0,10390052.0
2022-01-05,35109286.0,7297320.0,6756035.0,10967038.0,10405684.0
2022-01-06,35226386.0,7361660.0,6975465.0,11229825.0,10420863.0
2022-01-07,35368372.0,7417995.0,7083762.0,11558039.0,10437471.0
2022-01-08,35528004.0,7473884.0,7281297.0,11861708.0,10453895.0
2022-01-09,35707727.0,7510436.0,7436939.0,12157805.0,10470006.0
2022-01-10,35875790.0,7535691.0,7554344.0,12251701.0,10485705.0
2022-01-11,36070510.0,7581381.0,7774863.0,12620080.0,10503101.0
2022-01-12,36317927.0,7661811.0,7971068.0,12981799.0,10520898.0
2022-01-13,36582129.0,7743228.0,8155645.0,13290020.0,10541870.0
2022-01-14,36850962.0,7835451.0,8356514.0,13619391.0,10565484.0
2022-01-15,37122164.0,7913473.0,8549450.0,13943971.0,10592433.0
2022-01-16,37380253.0,7965977.0,8706915.0,14222100.0,10621410.0
2022-01-17,37618271.0,8000122.0,8790302.0,14324269.0,10651867.0
2022-01-18,37901241.0,8074527.0,9018425.0,14789038.0,10682826.0
2022-01-19,38218773.0,8186850.0,9219391.0,15225205.0,10716397.0
2022-01-20,38566027.0,8320386.0,9418256.0,15652148.0,10754905.0
2022-01-21,38903731.0,8460546.0,9603856.0,16052999.0,10804032.0
2022-01-22,39237264.0,8596007.0,9781191.0,16442319.0,10860799.0
2022-01-23,39543328.0,8681447.0,9923678.0,16743933.0,10923494.0
2022-01-24,39799202.0,8744840.0,10001344.0,16852414.0,10988027.0
2022-01-25,40085116.0,8871795.0,10212621.0,17354921.0,11055246.0
2022-01-26,40371500.0,9035795.0,10383561.0,17782057.0,11129318.0
2022-01-27,40622709.0,9238931.0,10539601.0,18174674.0,11217423.0
2022-01-28,40858241.0,9429079.0,10683948.0,18528177.0,11314707.0
2022-01-29,41092522.0,9618245.0,10821375.0,18860575.0,11427009.0
2022-01-30,41302440.0,9737215.0,10925485.0,19110023.0,11547333.0
2022-01-31,41469499.0,9815533.0,10983116.0,19196399.0,11670366.0
2022-02-01,41630885.0,9978146.0,11116422.0,19609576.0,11795059.0
2022-02-02,41803318.0,10186644.0,11235745.0,19924939.0,11936064.0
2022-02-03,41952712.0,10422764.0,11348701.0,20199291.0,12090707.0
2022-02-04,42080664.0,10671602.0,11449601.0,20440340.0,12257664.0
2022-02-05,42188138.0,10889417.0,11542793.0,20654882.0,12433643.0
2022-02-06,42272014.0,11022590.0,11621736.0,20810321.0,12612259.0
2022-02-07,42339611.0,11117857.0,11663338.0,20856322.0,12782791.0
2022-02-08,42410976.0,11287428.0,11765767.0,21091589.0,12946888.0
2022-02-09,42478060.0,11521678.0,11847436.0,21091589.0,13128679.0
2022-02-10,42536137.0,11769540.0,11923631.0,21424815.0,13323972.0
2022-02-11,42586544.0,12009712.0,11991109.0,21556191.0,13526183.0
2022-02-12,42631421.0,12219501.0,12053330.0,21674802.0,13728138.0
2022-02-13,42665534.0,12344661.0,12105675.0,21761364.0,13923951.0
2022-02-14,42692943.0,12421126.0,12134451.0,21787839.0,14102736.0
2022-02-15,42723558.0,12580343.0,12205474.0,21787839.0,14267875.0
2022-02-16,42754315.0,12800315.0,12265343.0,22028827.0,14445698.0
2022-02-17,42780235.0,13035941.0,12323398.0,22121273.0,14624423.0
2022-02-18,42802505.0,13255989.0,12377098.0,22203912.0,14802439.0
2022-02-19,42822473.0,13445094.0,12427773.0,22280464.0,14979363.0
2022-02-20,42838524.0,13563126.0,12469975.0,22339467.0,15147762.0
2022-02-21,42851929.0,13636993.0,12494459.0,22356662.0,15297628.0
2022-02-22,42867031.0,13762895.0,12554596.0,22454044.0,15430540.0
2022-02-23,42881179.0,13971947.0,12603758.0,22520877.0,15566425.0
2022-02-24,42894345.0,14188269.0,12651251.0,22587682.0,15697674.0
2022-02-25,42905844.0,14399012.0,12693320.0,22645820.0,15819594.0
2022-02-26,42916117.0,14574845.0,12732680.0,22699443.0,15941241.0
2022-02-27,42924130.0,14682758.0,12764558.0,22742043.0,16055851.0
2022-02-28,42931045.0,14745107.0,12782836.0,22755526.0,16161596.0
2022-03-01,42938599.0,14867218.0,12829972.0,22835320.0,16257688.0
2022-03-02,42945160.0,15053624.0,12867918.0,22893017.0,16353868.0
2022-03-03,42951556.0,15264297.0,12910506.0,22953299.0,16445802.0
2022-03-04,42957477.0,15481890.0,12948859.0,23011088.0,16533932.0
2022-03-05,42962953.0,15674100.0,12990223.0,23064766.0,16619507.0
2022-03-06,42967315.0,15790989.0,13026112.0,23110094.0,16698139.0
2022-03-07,42971308.0,15869417.0,13048774.0,23124590.0,16770275.0
2022-03-08,42975883.0,16026216.0,13109527.0,23217640.0,16835844.0
2022-03-09,42980067.0,16242070.0,13159342.0,23286830.0,16893631.0
2022-03-10,42984261.0,16504822.0,13214498.0,23361648.0,16943915.0
2022-03-11,42987875.0,16757658.0,13268459.0,23434047.0,16993625.0
2022-03-12,42990991.0,16994744.0,13323179.0,23504571.0,17040721.0
2022-03-13,42993494.0,17141351.0,13373207.0,23563607.0,17084672.0
2022-03-14,42996062.0,17233729.0,13402905.0,23585765.0,17124792.0
2022-03-15,42998938.0,17432617.0,13489319.0,23702383.0,17160872.0
2022-03-16,43001477.0,17695210.0,13563466.0,23811215.0,17196841.0
2022-03-17,43004005.0,17990141.0,13645834.0,23912962.0,17231013.0
2022-03-18,43006080.0,18287986.0,13724411.0,24010541.0,17264828.0
2022-03-19,43007841.0,18548225.0,13800179.0,24108645.0,17297181.0
2022-03-20,43009390.0,18680017.0,13861743.0,24189928.0,17327694.0
2022-03-21,43010971.0,18772331.0,13895188.0,24214159.0,17356036.0
2022-03-22,43012749.0,18994411.0,13992092.0,24394936.0,17382051.0
2022-03-23,43014687.0,19278143.0,14070450.0,24548990.0,17408475.0
2022-03-24,43016372.0,19596530.0,14153098.0,24689131.0,17433393.0
2022-03-25,43018032.0,19893028.0,14229495.0,24832702.0,17458275.0
2022-03-26,43019453.0,20145054.0,14304111.0,24972219.0,17481799.0
2022-03-27,43020723.0,20256278.0,14364723.0,25082393.0,17504537.0
2022-03-28,43021982.0,20323779.0,14396283.0,25111975.0,17525184.0
2022-03-29,43023215.0,20561131.0,14496579.0,25329455.0,17544419.0
2022-03-30,43024440.0,20829608.0,14567990.0,25498479.0,17564186.0
2022-03-31,43025775.0,21357095.0,14642354.0,25668176.0,17583111.0
2022-04-01,43027035.0,21357039.0,14719394.0,25816805.0,17601907.0
2022-04-02,43028131.0,21553495.0,14790806.0,25948919.0,17619521.0
2022-04-03,43029044.0,21668677.0,14845815.0,26051185.0,17636019.0
2022-04-04,43029839.0,21668677.0,14877144.0,26083223.0,17651048.0
2022-04-05,43030925.0,21849074.0,14966058.0,26292850.0,17664790.0
2022-04-06,43031958.0,22265788.0,15035943.0,26443804.0,17679300.0
2022-04-07,43033067.0,22441051.0,15106066.0,26602828.0,17693468.0
2022-04-08,43034217.0,22591726.0,15173707.0,26751596.0,17707591.0
2022-04-09,43035271.0,22647197.0,15238128.0,26893286.0,17720977.0
2022-04-10,43036132.0,22677986.0,15292048.0,27000940.0,17733809.0
2022-04-11,43036928.0,22878428.0,15320753.0,27026432.0,17745453.0
2022-04-12,43038016.0,23017079.0,15404809.0,27217194.0,17756183.0
2022-04-13,43039023.0,23182447.0,15467395.0,27363620.0,17767760.0
2022-04-14,43039972.0,23339311.0,15533012.0,27501184.0,17778928.0
2022-04-15,43040947.0,23376879.0,15595302.0,27626578.0,17790211.0
2022-04-16,43042097.0,23416663.0,15659835.0,27738161.0,17801103.0
2022-04-17,43044280.0,23437145.0,15712088.0,27824811.0,17811199.0
2022-04-18,43045527.0,23459628.0,15730676.0,27844621.0,17820486.0
2022-04-19,43047594.0,23658211.0,15758002.0,27870086.0,17829009.0
2022-04-20,43049974.0,23844536.0,15858442.0,28025797.0,17838087.0
2022-04-21,43052425.0,24006254.0,15934437.0,28129804.0,17846818.0
2022-04-22,43054952.0,24141333.0,16008181.0,28218193.0,17855661.0
2022-04-23,43057545.0,24180512.0,16079209.0,28298764.0,17864332.0
2022-04-24,43060086.0,24200596.0,16136057.0,28357718.0,17872625.0
2022-04-25,43060097.0,24337394.0,16161339.0,28371750.0,17880154.0
2022-04-26,43065496.0,24337394.0,16191323.0,28469248.0,17887152.0
2022-04-27,43068799.0,24609159.0,16279754.0,28536959.0,17894787.0
2022-04-28,43072176.0,24710769.0,16349788.0,28596966.0,17902334.0
2022-04-29,43075864.0,24798067.0,16409183.0,28649885.0,17909924.0
2022-04-30,43079188.0,24809785.0,16463200.0,28699367.0,17917191.0
2022-05-01,43082345.0,24813817.0,16504791.0,28736093.0,17924145.0
2022-05-02,43084913.0,24927339.0,16523859.0,28744830.0,17930267.0
2022-05-03,43088118.0,25033970.0,16586268.0,28811847.0,17935641.0
2022-05-04,43091393.0,25130137.0,16633911.0,28859772.0,17940665.0
2022-05-05,43094938.0,25215210.0,16682626.0,28904103.0,17945617.0
2022-05-06,43098743.0,25287462.0,16726990.0,28944327.0,17951065.0
2022-05-07,43102194.0,25295950.0,16767773.0,28982285.0,17956472.0
2022-05-08,43105401.0,25299300.0,16798998.0,29011609.0,17961837.0
2022-05-09,43107689.0,25406868.0,16816419.0,29018963.0,17966773.0
2022-05-10,43110586.0,25503878.0,16872618.0,29075412.0,17971207.0
2022-05-11,43113413.0,25592839.0,16915301.0,29115711.0,17975243.0
2022-05-12,43116254.0,25661838.0,16954784.0,29151859.0,17979272.0
2022-05-13,43119112.0,25723697.0,16993813.0,29184632.0,17984104.0
2022-05-14,43121599.0,25729848.0,17030147.0,29215091.0,17989065.0
2022-05-15,43123801.0,25732153.0,17057873.0,29237935.0,17993952.0
2022-05-16,43125370.0,25818405.0,17071649.0,29243871.0,17998438.0
2022-05-17,43127199.0,25890456.0,17116550.0,29287598.0,18002493.0
2022-05-18,43129563.0,25949175.0,17147477.0,29351614.0,18007169.0
2022-05-19,43131822.0,25998085.0,17178199.0,29379456.0,18012019.0
2022-05-20,43134145.0,26040460.0,17205017.0,29403788.0,18017039.0
2022-05-21,43136371.0,26044283.0,17229263.0,29426295.0,18022001.0
2022-05-22,43138393.0,26045528.0,17247552.0,29443260.0,18026628.0
2022-05-23,43140068.0,26109965.0,17257573.0,29413607.0,18030719.0
2022-05-24,43142192.0,26159106.0,17288287.0,29445636.0,18034423.0
2022-05-25,43144820.0,26198811.0,17312432.0,29467642.0,18038920.0
2022-05-26,43147530.0,26200663.0,17333299.0,29488876.0,18043539.0
2022-05-27,43150215.0,26240639.0,17355119.0,29493687.0,18048085.0
2022-05-28,43153043.0,26243352.0,17373741.0,29517269.0,18052544.0
2022-05-29,43155749.0,26244107.0,17388877.0,29533709.0,18056662.0
2022-05-30,43158087.0,26305996.0,17396723.0,29538382.0,18060405.0
2022-05-31,43160832.0,26360953.0,17421410.0,29573524.0,18063880.0
2022-06-01,43164544.0,26409455.0,17440232.0,29599688.0,18067977.0
2022-06-02,43168585.0,26452148.0,17457950.0,29625053.0,18072173.0
2022-06-03,43172547.0,26493235.0,17467642.0,29650183.0,18076286.0
2022-06-04,43176817.0,26493235.0,17490451.0,29675355.0,18080277.0
2022-06-05,43181335.0,26496611.0,17505973.0,29695897.0,18083984.0
2022-06-06,43185049.0,26498361.0,17514589.0,29702081.0,18087265.0
2022-06-07,43190282.0,26583016.0,17543136.0,29713746.0,18090459.0
2022-06-08,43197522.0,26660652.0,17566061.0,29767548.0,18094054.0
2022-06-09,43205106.0,26738530.0,17589595.0,29807699.0,18097767.0
2022-06-10,43213435.0,26803867.0,17611607.0,29807793.0,18101372.0
2022-06-11,43222017.0,26803867.0,17634065.0,29807699.0,18104944.0
2022-06-12,43230101.0,26809245.0,17653375.0,29807699.0,18108285.0
2022-06-13,43236695.0,26915085.0,17664043.0,29807699.0,18111240.0
2022-06-14,43245517.0,27007429.0,17703887.0,29984235.0,18113989.0
2022-06-15,43257730.0,27096571.0,17736696.0,30036189.0,18116672.0
2022-06-16,43270577.0,27124689.0,17773764.0,30089270.0,18119934.0
2022-06-17,43283793.0,27204953.0,17809934.0,30139875.0,18123257.0
2022-06-18,43296692.0,27204955.0,17844905.0,30139875.0,18126576.0
2022-06-19,43309473.0,27211896.0,17879160.0,30139875.0,18129625.0
2022-06-20,43319396.0,27334993.0,17896065.0,30241832.0,18132261.0
2022-06-21,43331645.0,27454225.0,17959329.0,30337149.0,18134735.0
2022-06-22,43344958.0,27573585.0,18014202.0,30415116.0,18137759.0
2022-06-23,43362294.0,27681775.0,18071634.0,30494968.0,18140893.0
2022-06-24,43378234.0,27771111.0,18128044.0,30574230.0,18144007.0
2022-06-25,43389973.0,27771112.0,18184917.0,30574230.0,18147044.0
2022-06-26,43407046.0,27771911.0,18234242.0,30574230.0,18150010.0
2022-06-27,43418839.0,27914240.0,18259261.0,30739058.0,18152652.0
2022-06-28,43433345.0,28048190.0,18343422.0,30886409.0,18155165.0
2022-06-29,43452164.0,28180861.0,18438877.0,31011133.0,18158163.0
2022-06-30,43469234.0,28293960.0,18523111.0,31144479.0,18161238.0
2022-07-01,43486326.0,28392629.0,18610011.0,31269545.0,18164348.0
2022-07-02,43502429.0,28392630.0,18695954.0,31269545.0,18167603.0
2022-07-03,43518564.0,28394995.0,18768871.0,31269545.0,18170656.0
2022-07-04,43531650.0,28542484.0,18805756.0,31512793.0,18173480.0
2022-07-05,43547809.0,28673212.0,18938771.0,31719499.0,18176132.0
2022-07-06,43566739.0,28808614.0,19048788.0,31874114.0,18179254.0
2022-07-07,43585554.0,28926346.0,19157174.0,32035379.0,18182578.0
2022-07-08,43604394.0,29022265.0,19259037.0,32176376.0,18185995.0
2022-07-09,43622651.0,29022265.0,19357938.0,32176376.0,18189499.0
2022-07-10,43639329.0,29025760.0,19439501.0,32176376.0,18192863.0
2022-07-11,43652944.0,29180489.0,19523262.0,32427713.0,18195924.0
2022-07-12,43669850.0,29308100.0,19667320.0,32609987.0,18198890.0
2022-07-13,43689989.0,29460249.0,19778911.0,32737629.0,18202785.0
2022-07-14,43710027.0,29569943.0,19887543.0,32737629.0,18206982.0
2022-07-15,43730071.0,29692989.0,19985479.0,32737629.0,18211383.0
2022-07-16,43750599.0,29692989.0,20076863.0,32737629.0,18216026.0
2022-07-17,43767534.0,29692989.0,20145859.0,32737629.0,18220633.0
2022-07-18,43783062.0,29853680.0,20177910.0,33095351.0,18225102.0
2022-07-19,43801678.0,29994679.0,20299013.0,33229834.0,18229239.0
2022-07-20,43824728.0,30131303.0,20385814.0,33319816.0,18234870.0
2022-07-21,43847065.0,30239122.0,20467349.0,33400685.0,18241184.0
2022-07-22,43868476.0,30331131.0,20539016.0,33475033.0,18247770.0
2022-07-23,43888755.0,30331133.0,20608190.0,33475033.0,18254644.0
2022-07-24,43905621.0,30331133.0,20660065.0,33475033.0,18262088.0
2022-07-25,43920451.0,30476605.0,20684182.0,33604792.0,18268570.0
2022-07-26,43938764.0,30598385.0,20772833.0,33692580.0,18274674.0
2022-07-27,43938764.0,30702511.0,20837233.0,33751218.0,18283628.0
